,,ラッコツール→,https://related-keywords.com/,,,,,,,,,,,,,,,,,
,対策KW,,,,"💡このシートの用途：競合見出しを洗い出して、自社で作る見出しの網羅性を担保するため。
構成作成において、「競合にあって自社にないトピック」が出ないようにすることが目的です。",,,,,,,,,,,,,,,
,順位,1位,2位,3位,4位,5位,6位,7位,8位,9位,10位,,,,,,,,,
,title,シャネル、新アーティスティック ディレクターにマチュー・ブレイジーを起用 | Vogue Japan,シャネルが求めた才能、マチュー・ブレイジーが紡ぐ“クラシック”とは,歴代シャネルのデザイナー｜カールの後任、ヴィルジニー・ヴィアールとは,シャネルの新クリエイティブ・ディレクター、マチュー・ブレイジーとは何者か？,「シャネル」の新しいアーティスティック・ディレクターが決まる | marie claire [マリ･クレール],「シャネル」はマチュー・ブレイジーに全幅の信頼寄せる　カメリアさえ大刷新でフレッシュなスタート【26年春夏　新デザイナーの初コレクションVol.19】 - WWDJAPAN,【シャネル】デザイナー交代劇で揺れるシャネル | パーソナルショッパー 29PARIS のパリ徘徊録,CHANEL（シャネル）の歴代・現在の有名デザイナー一覧,シャネル｜歴代デザイナー3名の実績を年代順にご紹介｜ウォッチニアン買取専門店,シャネルを彩る新たな才能、マチュー・ブレイジーの人物像と輝かしいキャリア | ブランド服 買取の専門店 モードスケープ,シャネルの新クリエイティブ・ディレクター、マチュー・ブレイジーとは何者か？ - FashionNetwork 日本,シャネル 歴代のデザイナーたち,シャネルのアーティスティック ディレクターになるということ──マチュー・ブレイジーが示す、メゾンの行き先 | Vogue Japan,シャネルの歴代デザイナーを一挙紹介！【コラム】 | スニーカーダンク,,シャネルの歴代デザイナーに受け継がれるガブリエル・シャネルのDNA | 金・プラチナ・ダイヤ・宝石高額買取なら実績No.1のリファスタ（東京池袋・大阪心斎橋）,「シャネル」はなぜ、売上高を５年で倍にしたヴィアールと再契約しなかったのか？ | セブツーは、世界各地のファッション＆ビューティ領域を中心に、ライフスタイル全般の最新情報を発信するメディアです。,,「シャネル」のヴィルジニーが退任、後任候補にはエディ、ピエールパオロ、サラ・バートンの名前 - WWDJAPAN
,description,シャネル（CHANEL）が12月12日（現地時間）、新アーティスティック ディレクターにマチュー・ブレイジーを起用したことを発表。2025年に正式にメゾンに加わる予定だという。,ボッテガ・ヴェネタからシャネルに移籍するデザイナー マチュー・ブレイジーのクリエイションを紐解きながら、これからのシャネルを想像する。,1910年にフランスのカンボン通り21番地で「シャネル モード」という帽子店から始まったシャネル。ココ・シャネルが立ち上げたシャネルには優秀なデザイナーがおり、彼らのおかげで現在の地位まで登り詰めました。歴代デザイナーや2019年以降のシャネルを支えるヴィルジニー・ヴィアールについて紹介します。,シャネルの新クリエイティブ・ディレクター、マチュー・ブレイジーの経歴を紐解きます。ボッテガ・ヴェネタでの活躍から、パリ・ファッションウィークでのデビューショーまで、そのキャリアを追います。,マリ・クレール編集長、田居克人が月に1回、読者にお届けするメッセージ。空席だったビッグ・メゾンの注目のポジションに誰が座るのか…… 業界では様々な噂が飛んでいたが、「ボッテガ・ヴェネタ」のマチュー・ブレイジーが大役を。,正直、予想以上だった。「シャネル（CHANEL）」がこんなに、新アーティスティック・ディレクターであるマチュー・ブレイジー（Matthieu Blazy）に全幅の信頼を寄せ、彼のデザインコードや発想をここまで取り入れるとは。そして彼の力により、「シャネル」がまだ、こんなにフレッシュになるとは。新デザイナーによる新しいコレクション発表が相次ぎ、その多くが新たな感動をもたらしている2026年春夏シーズン、そのデザイナー交代劇の大トリを務める形となった「シャネル」はメゾンのみならず、ファッション業界全体が新陳代謝を繰り返し、新しい時代に向かっているという自信のようなものを与えてくれた。,,CHANEL（シャネル）の歴代・現在の有名デザイナー一覧を紹介します。それぞれの就任年や、過去にどのようなウィメンズ・メンズのアイテムをデザインしたのか解説します。CHANEL（シャネル）のデザイナーについて知りたい方は、ぜひ参考にしてください。,ココシャネルが創設したファッションブランド「CHANEL」。女性の自由、女性の解放といったコンセプトのもと、まさに女性のために作られたブランドです。今日までにシャネルで活躍してきた歴代デザイナーについて詳しくコラムでお届けいたします。,,ニュース people : ボッテガ・ヴェネタでの静かな才気と高く評価された仕事ぶりで知られるマチュー・ブレイジーが、シャネルの新クリエイティブ・ディレクターに就任し、ファッション界で最も象徴的なメゾンの一つに新たなビジョンをもたらす。,高級ブランドの中でも人気の高いシャネル（CHANEL）は、1910年にパリで帽子のアトリエ「シャネル・モード」を開業したことから始まります。 ガブリエル・ボヌール・シャネル（Gabrielle Bonheur Chane [&hellip;],昨年12月にシャネル（CHANEL）のアーティスティック ディレクターに任命され、2026年春夏シーズンでデビューコレクションを発表したマチュー・ブレイジー。未知の可能性を秘めたデザイナーが見据える、偉大なメゾンの将来とは──。,シャネルの歴代デザイナーを一挙紹介！【コラム】についてまとめた記事,,創業より100年の時を経てもなお、ファッション業界のトップに君臨し続けるラグジュアリーブランド「シャネル」。「シャネル」は才能ある偉大なデザイナーにより現在の地位が築き上げられました。ブランドの人気を構築した歴代デザイナーをご紹介します。,「シャネル」はなぜ、売上高を５年で倍にしたヴィアールと再契約しなかったのか？,,「シャネル（CHANEL）」のアーティスティック・ディレクターを務めるヴィルジニー・ヴィアール（Virginie Viard）がメゾンを去る。「シャネル」は今後のクリエイティブ体制については、「やがて発表する」との声明を発表した。カール・ラガーフェルド（Karl Lagerfeld）の後継者を務めたヴィルジニーは、現在62歳。「シャネル」は「ヘリテージに敬意を表しながら、メゾンのコードを更新してくれた。彼女の素晴らしい貢献に感謝している」と話した。ヴィルジニーは、カールの側近時代を含め、30年にわたり「シャネル」のクリエイションを担った。
,url,https://www.vogue.co.jp/article/chanel-appoints-matthieu-blazy-as-artistic-director,https://www.fashionsnap.com/article/chanel-matthieu-blazy/,https://komehyo.jp/komeru/1059,https://fashionunited.jp/news/people/siyanerunoxin-kurieiteibudeirekuta-matiyubureizitohahe-zhe-ka/20251005531285,https://marieclairejapon.com/fashion/222118/,https://www.wwdjapan.com/articles/2233938,https://ameblo.jp/29paris/entry-12937325777.html,https://brand-hands.co.jp/brand/chanel/chanel-designer/,https://buy.watchnian.com/column/detail/329/,https://www.modescape.com/magazine/matthieu-blazy.html,"https://jp.fashionnetwork.com/news/%E3%82%B7%E3%83%A3%E3%83%8D%E3%83%AB%E3%81%AE%E6%96%B0%E3%82%AF%E3%83%AA%E3%82%A8%E3%82%A4%E3%83%86%E3%82%A3%E3%83%96-%E3%83%87%E3%82%A3%E3%83%AC%E3%82%AF%E3%82%BF%E3%83%BC-%E3%83%9E%E3%83%81%E3%83%A5%E3%83%BC-%E3%83%96%E3%83%AC%E3%82%A4%E3%82%B8%E3%83%BC%E3%81%A8%E3%81%AF%E4%BD%95%E8%80%85%E3%81%8B-,1768732.html",https://www.gsc-rinkan.com/column/chanel/chanel-designer/,https://www.vogue.co.jp/article/matthieu-blazy-chanel-december-2025,https://snkrdunk.com/articles/14186/,https://www.amazon.co.jp/%E3%82%B3%E3%82%B3%E3%83%BB%E3%82%B7%E3%83%A3%E3%83%8D%E3%83%AB%E2%80%95%E3%83%95%E3%82%A1%E3%83%83%E3%82%B7%E3%83%A7%E3%83%B3%E3%83%87%E3%82%B6%E3%82%A4%E3%83%8A%E3%83%BC-%E3%81%93%E3%82%93%E3%81%AA%E7%94%9F%E3%81%8D%E6%96%B9%E3%81%8C%E3%81%97%E3%81%9F%E3%81%84-%E5%AE%9F%E5%B7%9D-%E5%85%83%E5%AD%90/dp/4652049382,https://kinkaimasu.jp/brand/column/chaner_designer/,https://www.seventietwo.com/ja/business/VirginieViard_Chanel_NextDesigner,https://kld-c.jp/blog/who-is-matthieu_blazy,https://www.wwdjapan.com/articles/1832454
,headline count,1,7,25,3,20,8,1,15,9,20,11,23,1,22,0,22,18,0,8
,word count,2624,10383,5408,2716,2936,12951,1695,7554,7666,3703,4765,9501,22236,8872,0,8224,12369,0,8838
,headline,h1:シャネル、新アーティスティック ディレクターにマチュー・ブレイジーを起用,h1:シャネルが求めた才能、マチュー・ブレイジーが紡ぐ“クラシック”とは,h1:KOMERU,h1:シャネルの新クリエイティブ・ディレクター、マチュー・ブレイジーとは何者か？,h1:「シャネル」の新しいアーティスティック・ディレクターが決まる,h1:「シャネル」はマチュー・ブレイジーに全幅の信頼寄せる　カメリアさえ大刷新でフレッシュなスタート【26年春夏　新デザイナーの初コレクションVol.19】,h1:【シャネル】デザイナー交代劇で揺れるシャネル,h1:CHANEL（シャネル）の歴代・現在の有名デザイナー一覧,h1:シャネル｜歴代デザイナー3名の実績を年代順にご紹介,h1:シャネルを彩る新たな才能、マチュー・ブレイジーの人物像と輝かしいキャリア,h1:シャネルの新クリエイティブ・ディレクター、マチュー・ブレイジーとは何者か？,h1:シャネル 歴代のデザイナーたち,h1:シャネルのアーティスティック ディレクターになるということ──マチュー・ブレイジーが示す、メゾンの行き先,h1:シャネルの歴代デザイナーを一挙紹介！【コラム】,,h1:シャネルの歴代デザイナーに受け継がれるガブリエル・シャネルのDNA,h1:「シャネル」はなぜ、売上高を５年で倍にしたヴィアールと再契約しなかったのか？,,h1:「シャネル」のヴィルジニーが退任、後任候補にはエディ、ピエールパオロ、サラ・バートンの名前
,,,h2:コンサバティズムの起源は“非常識”,h1:歴代シャネルのデザイナー｜カールの後任、ヴィルジニー・ヴィアールとは,h2:'Hottest tickets',h2:噂された大物デザイナーたち,h2:関連記事,,h2:CHANEL（シャネル）の歴代・現在のデザイナー,h2:【1909年～1971年】ガブリエル・シャネル（ココ・シャネル）,h1:シャネルを彩る新たな才能、マチュー・ブレイジーの人物像と輝かしいキャリア,h2:こちらもどうぞ,h2:ガブリエル・ボヌール・シャネル（Gabrielle Bonheur Chanel）,,h2:創立者・初代デザイナー「ガブリエル・ボヌール・シャネル」   「ココ・シャネル」の愛称で知られる、「ガブリエル・ボヌール・シャネル」。1883年にフランスで生まれ、孤児院で育ちました。当時は産業革命により近代化が進んだ時代で、彼女は孤児院を出た後お針子として働き始めます。,,h2:目次,h3:RELATED,,h2:後任候補には、噂は何度も浮上しているエディ・スリマンの名前
,,,h2:ココ・シャネルの美学を受け継ぎ、現代に繋いだ二人のデザイナー,h2:シャネルの歴代デザイナー,h2:ラフ・シモンズとの友好関係,h2:マチュー・ブレイジーが新しい物語を紡いでいく,h2:CHANEL x コレクションの記事,,h2:不朽の名作NO.5を生み出した「ココ・シャネル」,h3:1921年　香水No.5の誕生,h2:デザイナー マチュー・ブレイジーとは,h3:サックス・グローバル、ニーマン・マーカス買収の影響で財務破綻に陥り、破産保護を申請,h2:カール・ラガーフェルド（Karl Lagerfeld）,,h3:デザインの特徴,,h2:ガブリエル・シャネル（1909年〜1971年）,h4:売上高３兆円の最高峰ブランド「シャネル」の後任人事はフィービーかエディか？,,h2:CHANEL x ファッションの記事
,,,h2:クラシックとの静かな格闘、「ボッテガ」で現れたブレイジーのデザイン言語,h3:1916～1971年｜ガブリエル・ボヌール・シャネル（Gabrielle Bonheur Chanel）,,h2:Recommended,h2:関連タグの最新記事,,h2:シャネルの低迷期となったココ・シャネルのアシスタントデザイナー4名,h3:1926年　リトル・ブラック・ドレスの誕生,h3:幼少期～デザイナーになるまで,h3:ドレイクの「オクトーバーズ・ヴェリー・オウン」、A.R.I.からの資本出資契約を締結,h2:ヴィクトワール・ドゥ・カステラーヌ（Victoire de Castellane）,,h3:代表作,,h3:自立した強い女性を求めたガブリエル・シャネル,h4:カールの「シャネル」ショー欠席が最大の話題に,,h2:関連タグの最新記事
,,,h2:なぜシャネルはブレイジーを欲したのか？,h3:1983〜2018年｜カール・ラガーフェルド（Karl Lagerfeld）,,h2:Pick Up,h2:ファッションの最新記事,,h2:シャネル復活の立役者となった「カールラガーフェルド」,h2:【1983年～2019年】　ココシャネルの亡き後、カールラガーフェルドの時代,h2:デザイナーとしてのキャリア,h3:ピッティ・ウオモ：スウェイム・ハトソンを迎えたラグ＆ボーンの復活,h2:ピーター・フィリップス（Peter Phillips）,,h3:ジャージー素材,,h3:ガブリエル・シャネルが後世にもたらした功績,h4:「グッチ」「シャネル」が年商1兆円時代を迎えて　ソニア・リキエル社廃業が暗示するデザイナーブランドの危機,,h2:ファッションの最新記事
,,,h2:関連記事,h3:1984～1998年｜ヴィクトワール・ドゥ・カステラーヌ（Victoire de Castellane）,,h3:「1日1万歩」の必要はない！ 日本式ウォーキングが世界的な健康トレンドに,h2:CONNECT WITH US                 モーニングダイジェスト最新の業界ニュースを毎朝解説,,h2:多くのジュエリーを誕生させた「ヴィクトワール・ドゥ・カステラーヌ」,h3:シャネルの歴史をアップデートさせた,h3:初期のキャリア,h3:高級小売りのサックス、ベイカーCEOが破産申請前に退任へ,h2:ルチア ピカ（Lucia Pica）,,h3:パンツスタイル,,h4:ショルダーバッグ,h4:ラガーフェルド死去。「傭兵デザイナー」のひな形つくる,,h2:CONNECT WITH US                 モーニングダイジェスト最新の業界ニュースを毎朝解説
,,,h2:あわせて読みたい,h3:2008～2014年｜ピーター・フィリップス（Peter Phillips）,,h3:「フェンディ」から超軽量スニーカー「フェンディ フライト」。6cmソールの“軽さ”という革新,h2:ファッションランキング,,h2:ネイルアイテム「パティキュリエール」をヒットさせた「ピーター・フィリップス」,h2:【2019年～】新デザイナー　ヴィルジニー・ヴィアール,h3:ボッテガ・ヴェネタ 2020年～2024年,h3:サックス・グローバル、破産申請を前に17億5000万ドル規模の資金調達計画が最終段階に＝関係者,h3:【RINKAN公式SNSにて最新情報配信中】,,h3:リトル・ブラック・ドレス,,h4:ジャージー素材の服,h4:「シャネル」のリシャール・コラス元社長がイオンの社外取締役に,,h2:ファッションランキング
,,,,h3:2015～2020年｜ルチア ピカ（Lucia Pica）,,h3:「香水は目に見えないジュエリー」「カルティエ」の調香師マチルド・ローランが語る、香水の芸術とは,h2:最新号紹介,,h2:独創的なデザインで人々を魅了する「ルチア・ピカ」,h2:まとめ｜シャネルを高く売るならお任せください,h3:シャネル 2025年～,h3:アキレス・イオン・ガブリエル、カンペールのクリエイティブ・ディレクターを退任,h3:おすすめの関連記事,,h3:シャネル・スーツ,,h4:パンツスタイル,h4:「シャネル」が初めて財務状況を公開、売上高は世界第2位,,h2:最新号紹介
,,,,h2:現在のシャネルデザイナー「ヴィルジニー・ヴィアール(Virginie Viard)」とは,,h3:オルセーの印象派コレクションが国立西洋美術館に勢ぞろい,,,h2:カールラガーフェルドの意思を受け継ぐ「ヴィルジニー・ヴィアール」,h2:他の人はこんな豆知識も見ています,h2:まとめ,h3:ヴェスティエール・コレクティブ、経営体制変更後の針路は？,h3:キーワードを検索,,h3:バイカラーパンプス,,h4:シャネルスーツ,h4:「シャネル」銀座ビルの最上階レストラン「ベージュ アラン・デュカス」がリニューアル,,
,,,,h3:経歴,,h2:Ranking,,,h2:求人情報,,h2:この記事を書いた人,h3:ロクサンダ、「成長の新たな段階」への移行に伴い、サンチョ氏を同社CEOに任命,h3:新着記事,,h3:No.5,,h4:香水,h4:「値上げ」効果で「シャネル」が驚異的決算　その「値上げ」を支える主張とは？,,
,,,,h3:カール・ラガーフェルドとの信頼関係,,h3:「1日1万歩」の必要はない！ 日本式ウォーキングが世界的な健康トレンドに,,,h2:シャネルの買取実績,,h3:この人が書いた最新記事,h3:大富豪のC&Aオーナー一族の御曹司、バイアウト投資会社ブレガルのCEOに就任,h3:ページ一覧,,h3:ショルダーバッグ,,h2:カール・ラガーフェルド（1983年〜2019年）,h4:アルベール・エルバスのリシュモン入りと「シャネル」後任デザイナーの話,,
,,,,h2:シャネルのおすすめアイテム,,h3:2026年1月の運勢は？【HIROLINAのフォーチュン星占い】,,,h2:大阪府のシャネル買取店一覧,,h3:その他の記事,,h3:アーカイブ,,h3:ツイード,,h3:カール・ラガーフェルドがアップデートしたシャネル,h4:カリフォルニア州が全米で初めて毛皮製品の販売禁止へ　「シャネル」や「グッチ」はすでに使用廃止,,
,,,,h3:CHANEL19,,h3:「ハイアット リージェンシー 箱根 リゾート＆スパ」で、2026年の開運ステイを,,,h2:兵庫県のシャネル買取店一覧,,h4:新春キャンペーンがスタートしました,,h3:カテゴリー,,h3:リップスティック,,h4:進化したシャネル・スーツ,h4:「シャネル」や「YSL」も注目する中国人KOLのメリリム フウとは？,,
,,,,h3:ファレルウィリアムスとのコラボアイテム「シャネル ファレル（CHANEL PHARRELL）」,,h3:注目のベストセラー小説から古典の名作まで！ 小説が原作の2026年公開映画＆ドラマ作品13選,,,h2:京都府のシャネル買取店一覧,,h4:1月の買取強化ブランド更新しました。,,h2:ブランド買取のお悩み、私たちが解決いたします！,,h2:2代目・モードの帝王「カール・ラガーフェルド」   「カール・ラガーフェルド」は、ファッション業界でモードの帝王と呼ばれています。彼のデザインの特徴は、革新的な斬新さ。時代に見合った最先端なデザインは、世の中の多くの女性たちの支持を得ました。,,h4:11.12クラシックチェーンバッグ,h4:カール・ラガーフェルドが逝去、モードに捧げた人生の幕を閉じる,,
,,,,h2:シャネルのサステナブルな活動「シャネルミッション1.5」,,h3:【バシャコーヒー銀座】モロッコ発のコーヒーハウスが日本初上陸,,,h2:ダメージのあるシャネルも買取可能,,h4:ホリデーキャンペーンがスタートしました,,h3:お電話でお問合わせ,,h3:低迷するシャネルを復活させた,,h4:ブランドのアイコンの確立,h4:カール・ラガーフェルドが最後に選んだミューズ、BLACKPINKのジェニーが「メットガラ」に初参加,,
,,,,h2:シャネルを購入するならリユースショップもおすすめ,,h3:映画を観たらパリを旅したくなる！『グランメゾン・パリ』のロケ地を巡って,,,,,h4:12月の買取強化ブランド更新しました。,,h3:LINEでお問合せ,,h3:多くのブランドのデザインを手掛ける,,h3:「モードの帝王」カール・ラガーフェルド,h4:故カール・ラガーフェルドの遺品オークションがサザビーズで開催エディ・スリマン時代の「サンローラン」や愛用のフィンガーレスグローブ等が出品,,
,,,,h2:歴代シャネルのデザイナーは数々の功績を残した人ばかり,,h3:河村真木子のリアル人生相談　第15回：コミュニティの力は未来をつくる,,,,,h4:アウター買取強化キャンペーンがスタートしました,,h3:WEBでお問合せ,,h2:3代目「ヴィルジニー・ヴィアール」  2019年2月に「カール・ラガーフェルド」からバトンを受け継いだ、「ヴィルジニー・ヴィアール」。近年はすでに高い地位を持ってトップに立っているデザイナーを外部から呼ぶのが一般的ですが、彼女は内部昇格でブランドディレクターに就任しました。,,h2:ヴィルジニー・ヴィアール（2019年〜）,h3:READ MORE,,
,,,,h3:RELATED,,h3:浦浜アリサが聞く「SHIMA」奈良裕也が独立しない理由〜後編〜,,,,,h4:11月の買取強化ブランド更新しました。,,h3:買取アイテム,,h2:まとめ   シャネルの歴史や3人のデザイナーについて、詳しく解説してきました。ブランドを生み出した「ガブリエル・ボヌール・シャネル」、時代に合わせてアップデートを続けた「カール・ラガーフェルド」、そして、「カール」から意志を受け継いだ「ヴィルジニー・ヴィアール」。3人それぞれに特徴があり、ブランドの魅力をよりいっそう引き立てます。,,h3:フレッシュな若々しさに注目！ヴィルジニーの新生シャネル,h4:[[name]],,
,,,,h2:廃タイヤで作るサンダルが環境に優しくおしゃれ！ブランド「インドソール」に注目,,h3:脂肪を減らすウォーキングエクササイズ,,,,,h4:本社移転のお知らせ,,h3:買取方法,,h2:新着投稿,,h3:CHANEL19,,,
,,,,h2:衣料品廃棄の現状からひも解く！洋服の買い方と手放し方,,h3:浦浜アリサが聞く「SHIMA」奈良裕也が独立しない理由〜前編〜,,,,,h4:衣替え応援キャンペーンがスタートしました,,h3:ピックアップ,,h2:今日の人気記事,,h2:まとめ,,,
,,,,h2:シャネルの服はおしゃれ女子に大人気♡価格やおすすめのコーデを紹介,,,,,,,,,h3:店舗案内,,h2:新着記事,,h3:関連記事,,,
,,,,h2:スローファッションとは。特徴や課題、ハイブランドの取り組みを紹介,,,,,,,,,h3:お申込み,,h3:この記事を見ている人は、こんなスニーカー・アパレルも見ています,,h2:Q&A,,,
,,,,h2:ポインテッドトゥシューズでシャープな足元に。選び方やおすすめの靴を紹介,,,,,,,,,h3:販売その他関連サイト,,,,,,,
,,,,h2:RECOMMEND,,,,,,,,,,,,,,,,
,,,,h3:KEYWORD,,,,,,,,,,,,,,,,