,,ラッコツール→,https://related-keywords.com/,,,,,,,,,,,,,,,,
,対策KW,シャネルバッグ 買うなら,,,"💡このシートの用途：競合見出しを洗い出して、自社で作る見出しの網羅性を担保するため。
構成作成において、「競合にあって自社にないトピック」が出ないようにすることが目的です。",,,,,,,,,,,,,,
,順位,1位,2位,3位,4位,5位,6位,7位,8位,9位,10位,,,,,,,,
,title,シャネルのバッグを買うなら今！後悔しないための選び方と購入ガイド | レディース ブランド腕時計専門店 通販サイト ベティーロード,後悔なし!今「シャネル」のバッグ買うならこれ!一生愛せるおすすめモデル総覧-STYLE HAUS,シャネルのバッグを買うならどれ？人気ランキングやお得な入手方法を紹介！ | ESTIME,シャネルのバッグを買うならどれ？定番ラインや人気ランキングを紹介 ｜最新相場で高価買取なら『大吉』,シャネル(CHANEL)のバッグをオンラインで買うなら｜ギャラリーレア公式オンラインストア,シャネルバッグを買うならこれ！人気ランキングや選び方を紹介 | adorer column,ブランドバッグの専門家が教えるシャネルバッグの人気ベスト10 | ブランドの手帳,【シャネル】シャネルを買うならチェックしておきたいバッグ人気ランキング10選を紹介 | ブランド品の買取・査定なら【ブランドオフ】,シャネル CHANEL 中古 バッグ 通販｜質屋でシャネルを買うなら名古屋の質ウエダへ,シャネルのバッグを買うならコレ！人気のバッグを安い順にご紹介｜シャネル買取【買取福ちゃん】 FUKUCHAN,CHANELのバッグを安い順に並べてみた！初めて買うならおすすめはこれ！ | ハイブランド大好き浪費OL→社長へ,シャネル バッグのおすすめ人気商品一覧 通販 - Yahoo!ショッピング,シャネルのバッグは恥ずかしい？買うと後悔する？【小牧】 - 【公式】岐阜・愛知の質屋といったら質屋かんてい局｜ロレックス、ヴィトン、貴金属始め、ブランド品の買取、販売ならお任せください。茜部、細畑、北名古屋、小牧、春日井、大垣で展開中。,【シャネル、フェンディ、ザ・ロウetc.】40代が「一生大事にしたいバッグ」ならオシャレに圧倒的自信！＜読者SNAP21 選＞ – STORY [ストーリィ] オフィシャルサイト,【決定版】シャネルバッグ人気色大図鑑｜あなたに似合う最高の一色を見つけるために | レディース ブランド腕時計専門店 通販サイト ベティーロード,シャネルのバッグを安く買える方法や国は？アウトレットはある？,シャネルバッグの人気ランキング！2024年に買うならどれ？ - 愛媛県松山市の質屋なら質屋かんてい局【全国200店舗以上】金・時計・財布の買取なんでもOK,【30〜40万台で叶う♡】CHANEL(シャネル)の狙い目バッグはコレ!-STYLE HAUS
,description,シャネルのバッグを買うなら、いくつかのポイントをおさえておくと後悔のない選択ができます。こちらの記事では、シャネルバッグの基礎知識や選び方、購入先などを丁寧に解説いたします。おすすめのシャネルバッグもご紹介いたしますので、ぜひ参考になさってください。,リュクスなデザインで、いつの時代も多くの女性たちを魅了する『CHANEL(シャネル)』。そんなシャネルのバッグコレクションから、いま買うべき投資価値があるオススメバッグを厳選してご紹介します♪,シャネルのバッグを買うならどれを選ぶべき？定番人気モデルをランキング形式で紹介！初めての方におすすめのバッグや新作情報、お得に購入する方法、失敗しない選び方まで徹底解説。後悔しないシャネルバッグ選びに必見の内容です。,クラシックなデザインで高級感があるシャネルのバッグは、どんな場面でもスタイルを格上げし、一目でわかるアイコニックな存在です。そこで今回は、定番ラインと人気アイテムをご紹介します。もしも、どのバッグを選ぶべきか迷っているなら、理想の一品が見つかるはずです。,シャネルのバッグをお探しなら、1979年創業の老舗「ギャラリーレア」公式オンラインストアにお任せください。シャネルの最新作バッグからマトラッセなど定番の人気アイテムまで中古・新品・未使用品、問わず幅広いラインナップで展開しています。全品鑑定済。,「シャネルバッグで人気なモデルは？」 「シャネルバッグを選ぶポイントは？」 シャネルバッグは、洗練されたデザインと高い実用性で世界中の女性に人気があります。 その中でも人気のモデルは以下になります。 マトラッセ チェーンショルダーバッグ シ,,【シャネル】シャネルを買うならチェックしておきたいバッグ人気ランキング10選を紹介 2024年10月21日 2,安心の質屋鑑定済み! 質ウエダの商品は全て複数の鑑定士によって鑑定済です。万が一ご購入された商品が偽物と判明した場合には、全て返品、返金に応じます。安心してお買い求めください。全国配送無料！マトラッセ・ミニフラップ・ミニバッグ・シャネル22・トートバッグ・ココハンドルの在庫は名古屋の質屋「質ウエダ」にお問い合わせください。安い順に並べ替えてご覧いただくこともできます。,シャネルのバッグを買うなら、「人気のバッグ」や「後悔しない選び方」をチェックしておきましょう。この記事では、市販価格が安い順に「シャネルの人気バッグ」をご紹介するほか、「後悔しないシャネルバッグの選び方」もお伝えしていきます。シャネルのバッグ購入前に、ぜひ参考にしてください。,,Yahoo!ショッピング | シャネル バッグの商品一覧。お買得な人気商品をランキングやクチコミからも探せます。LINEアカウント連携でPayPayポイント毎日5%（上限あり）,こんにちは。かんてい局小牧店です。 今回は、言わずと知れた人気ブランド「シャネル」に関する記事です！ ・・・・,,シャネルのバッグを選ぶうえで、デザインや素材と同じくらい重要なのが「色」です。バッグのカラーはコーディネートの印象を大きく左右し、その人らしさやライフスタイルまで映し出すもの。だからこそ、バッグの色選びで悩む方は非常に多いのではないでしょうか。  「定番色のほうが使いやすそうだけど、トレンドカラーにも惹かれる」「使いまわししやすいカラーを選びたい」―― そんなお悩みにお応えすべく、こちらの記事ではシャネルバッグの人気色について網羅的に解説いたします。永遠の定番から旬のトレンドカラー、パーソナルカラーや使用シーンに応じた選び方までをご紹介いたします。  自分にぴったりのシャネルバッグを見つけるヒントとして、色選びの参考になさってください。,高いものは百万円を超えるシャネルのバッグ。でも普通に買うよりも安く買う方法がいくつかあるんです。定価で買って損をしないように、絶対にこの記事を読んでください。,全世界の女性の憧れのブランドとして、今もなおファンが絶えないCHANEL（シャネル）のバッグ。代表作のマトラッセをはじめ、レザーの種類やツイードのカラー、サイズの違いなどを含めると選択肢はいくらでもあります。 そこで今回は、2024年新作ラ,ハイブランドから”資産”へと昇華したCHANEL(シャネル)のバッグ。高騰を続けマトラッセも100万円超に!高価=なかなか手に入らないから、購買意欲を最も掻き立てられるブランドの一つ♡しかしそんなシャネルにもまだまだ狙い目のお手頃価格なバッグが存在!
,url,https://www.bettyroad.co.jp/blog/post/chanelbag_buying_guide,https://stylehaus.jp/articles/29163/,https://estime.co.jp/column/chanel-bag/,https://www.kaitori-daikichi.jp/column/chanel/post-33508/,https://www.g-rare.com/c/fashion/chanel/chanel-bag?srsltid=AfmBOoq7MBFYld-JD2UDRiAR_FE7sdXVfttMd2Fy0c2LyO6MgursYMWV,https://www.brandadorer.com/column/where-to-buy-a-chanel-bag/,https://komehyo.jp/brand-note/article/5833,https://kaitori.brandoff.co.jp/column/chanel-ranking,https://www.ueda78.shop/shopbrand/bag_chanel/,https://www.fuku-chan.info/column/brand/chanel/69104/,https://ameblo.jp/misa0091/entry-12817302926.html,https://shopping.yahoo.co.jp/search/%E3%82%B7%E3%83%A3%E3%83%8D%E3%83%AB+%E3%83%90%E3%83%83%E3%82%B0/0/,https://kanteikyoku-web.jp/news/detail/%E3%82%B7%E3%83%A3%E3%83%8D%E3%83%AB%E3%82%92%E6%8C%81%E3%81%A4%E3%81%AE%E3%81%AF%E6%81%A5%E3%81%9A%E3%81%8B%E3%81%97%E3%81%84%EF%BC%9F%E5%BE%8C%E6%82%94%E3%81%99%E3%82%8B%EF%BC%9F%E5%BE%B9%E5%BA%95/,https://storyweb.jp/fashion/486003/,https://www.bettyroad.co.jp/blog/post/chanel_popularcolorsbag,https://mari-colore.co.jp/salon-blog-luxury-brand-buy-chanel-bag/,https://www.kanteikyoku-shikoku.jp/useful/747/,https://stylehaus.jp/articles/23688/
,headline count,40,46,48,54,52,25,37,23,65,22,6,1,34,54,39,23,27,34
,word count,14682,9167,14730,10251,13173,7025,5683,5926,11671,8234,4713,4293,6876,9577,14748,7011,8322,6357
,headline,h2:,h1:後悔なし!今「シャネル」のバッグ買うならこれ!一生愛せるおすすめモデル総覧,h1:最速買取・高額買取ブランドショップ エステメ,h1:シャネルのバッグを買うならどれ？定番ラインや人気ランキングを紹介,h1:シャネル(CHANEL) バッグ / ギャラリーレア公式オンラインストア,h1:定価以上で売るなら「ブランドアドレ」,h1:ブランドバッグの専門家が教えるシャネルバッグの人気ベスト10,h1:【シャネル】シャネルを買うならチェックしておきたいバッグ人気ランキング10選を紹介,h1:シャネル                                バッグ,h1:シャネルのバッグを買うならコレ！人気のバッグを安い順にご紹介,h1:CHANELのバッグを安い順に並べてみた！初めて買うならおすすめはこれ！,h1:シャネル バッグの検索結果,h2:小牧店のお知らせ,h1:【シャネル、フェンディ、ザ・ロウetc.】40代が「一生大事にしたいバッグ」ならオシャレに圧倒的自信！＜読者SNAP21 選＞,h2:,h1:シャネルのバッグを安く買える方法や国は？アウトレットはある？,h1:お役立ち情報が盛り沢山や,h1:【30〜40万台で叶う♡】CHANEL(シャネル)の狙い目バッグはコレ!
,,h3:ブランド,h2:永遠の定番から最新作まで!シャネルのバッグ最新トレンド,h1:シャネルのバッグを買うならどれ？人気ランキングやお得な入手方法を紹介！,h2:シャネルのバッグの特徴,h2:シャネル(CHANEL) バッグ,h1:シャネルバッグを買うならこれ！人気ランキングや選び方を紹介,h2:■INDEX,h2:【シャネル】シャネルを買うならチェックしておきたいバッグ人気ランキング10選を紹介,h3:【名東】【CHANEL】シャネル マトラッセ 2way トップハンドル バニティバッグ チェーンショルダー アイボリー ゴールド金具 2WAY レディース【中古】,h2:シャネルバッグはなぜ選ばれるのか？,h2: 目次,,h1:シャネルのバッグは恥ずかしい？買うと後悔する？【小牧】,h2:「一生ものバッグ」は絶対的に安心感のある【黒】が人気No.1,h3:ブランド,h2:海外ならシャネルのバッグを安く買える,h1:シャネルバッグの人気ランキング！2024年に買うならどれ？,h2:ショッピング熱を最も掻き立てる、シャネルバッグ
,,h3:カテゴリ,h3:『シャネル』がオシャレな女性に愛される理由,h2:1.【シャネル】バッグのおすすめ人気ランキングTOP10,h2:シャネルのバッグの定番ライン,h2:シャネル（CHANEL）バッグ アイテム一覧,h2:シャネルバッグの人気ランキングTOP5,h2:■シャネルのバッグ,h2:,h3:【天白】【CHANEL】シャネル ショルダーバッグ ミニ 巾着 ネイビー ゴールド金具 キャビアスキン 鞄 レディース【中古】,h3:1. 100年以上の歴史が育んだ、揺るぎないブランドの格式,h3:  CHANELの主要バッグ8選,,h3:現在発売中の対象モデルはこちら,h3:シャネルの黒アイテムとワンハンドルをコレクション中,h3:カテゴリ,h3:シャネルのバッグが安く買える国はフランス（ヨーロッパ）,h2:【2024年】シャネルのバッグを買うならコレ！人気ランキングTOP10,h4:40万台以下の「CHANEL・バッグ」をまとめて見る
,,h3:ステータス,h4:CHANEL(シャネル)のバッグをまとめて見る,h3:1位：11.12 クラシック ハンドバッグ,h3:マトラッセ,h2:シャネル（CHANEL）バッグ コレクション一覧,h3:マトラッセ チェーンショルダーバッグ,h2:■シャネルバッグの人気ランキング,h2:シャネルのバッグの過去と現在,h3:【天白】【CHANEL】シャネル ダイアナ チェーンショルダーバッグ ブラック ゴールド金具 ラムスキン マトラッセ 鞄 レディース【中古】,h3:2. ライフスタイルに寄り添う、豊富なデザインとサイズ展開,h3:  CHANELのバッグ安い順に並べてみた,,h2:なぜシャネルを恥ずかしいと感じるのか？,h3:エッジの効いた逸品はとびきりオシャレを楽しむときに,h3:ステータス,h3:香港やグアムも安く買える,h3:①チェーンショルダーバッグ | マトラッセ,h2:CHANEL(シャネル)、いま買うならこれをロックオン👀
,,h2:,h2:マトラッセ フラップバッグ,h3:2位：ココハンドル,h3:2.55,h2:シャネル（CHANEL）バッグ 商品一覧,h3:シャネル22 ミニハンドバッグ,h3:第10位：カンボンライン,h2:シャネルのバッグ人気ランキング10選,h3:【栄】【CHANEL】シャネル ミニマトラッセ AS1786 チェーンショルダーバッグ ココマーク ランダムシリアル ラムスキン ライトグレー ゴールド金具 レディース 女性 箱 保存袋【中古】,h3:3. 女性の美しさを引き出し、自信を与えてくれるデザイン,h3:  初めてCHANEL買うならコレ,,h3:①なんとなく派手で奇抜なイメージがあるから,h3:黒のマルゴー15はハンサムなコーデとの相性◎,h2:,h2:BUYMAもシャネルの日本の正規店より安い,h3:②ミニハンドバッグ | CHANEL22,h3:▷▷活躍頻度大!「ウォレットバッグ」
,,h2:,h3:時代を超えて愛される定番中の定番! ミディアムサイズ,h3:3位：CHANEL 22,h3:ボーイシャネル,h2:シャネル チェーントートバッグ マトラッセ デカココマーク キャビアスキン A48374 CHANEL ショルダーバッグ 安心保証,h3:ココハンドル ミニ,h3:第9位：トレンディCC,h3:マトラッセ（11.12）,h3:【名東】【CHANEL】シャネル CHANEL25 スモール ハンドバッグ 肩掛け AS5293 シャイニークランプルカーフ ブラック レディース【未使用】【中古】,h2:【安い順】シャネルの人気バッグ5選,h2: まとめ,,h3:②高級品だから,h3:使い勝手が抜群で色違いも購入,h2:,h2:実は日本のネットショップも安く買う方法の一つ,h3:③ミニハンドルバッグ | ココハンドル,h4:
,,h2:,h4:MATELASSE(マトラッセ) フラップバッグ 一覧,h3:4位：シャネル 2.55,h3:ココハンドル,h2:シャネル チェーンショルダーバッグ マトラッセ ココマーク ヴァニティケース ラムスキン AP2199 CHANEL,h3:ボーイシャネル,h3:第8位：CHANEL19,h3:CHANEL 22,h3:【名東】【CHANEL】シャネル ボーイシャネル チェーンウォレット AP1117 ピンク ゴールド金具 キャビアスキン ショルダー バッグ マトラッセ レザー レディース【中古】,h3:CHANNEL 22,,,h3:③有名すぎるから,h3:シンプルで飾らない美しさに惹かれて,h2:,h3:楽天はポイントでお得になる,h3:④ミニ フラップバッグ,h4:ご購入者たちのレビューはこちら!
,,h2:,h3:可愛らしさにあふれるミニサイズ,h3:5位：ボーイシャネル,h3:ガブリエル ドゥ シャネル,h2:シャネル チェーンショルダーバッグ バニティケース ココマーク マトラッセ キャビアスキン AP1341 CHANEL 黒,h3:CHANEL19,h3:第7位：ハートシェイプ,h3:ボーイシャネル,h3:【名東】【CHANEL】シャネル マトラッセ ミニハンドバッグ AP3943 ブラック ゴールド金具 キャビアスキン レディース【中古】,h3:CHANNEL 19 ハンドバッグ,,,h2:Q.シャネルを持つのは恥ずかしい？,h3:トレンド再燃でリバイバル中の人気に驚き,h2:,h3:MAGASEEKでシャネルのバッグのセールを狙う,h3:⑤ハンドバッグ | CHANEL19,h4:CHANEL(シャネル)  × チェーンウォレットー覧
,,h2:,h4:アクセサリー感覚で使える万能選手ココボール,h3:6位：復刻トート,h3:ドーヴィル,h2:シャネル チェーンショルダーバッグ ココマーク マトラッセ ラムスキン AS5259 CHANEL 黒 安心保証,h2:シャネルのバッグを選ぶポイント,h3:第6位：バニティ,h3:ココハンドル,h3:【栄】【CHANEL】シャネル マトラッセ 23 チェーンショルダーバッグ キャビアスキン BK SV金具 ランダムシリアル ショルダーバッグ レディース 女性 保存袋【中古】,h3:トップハンドル フラップバッグ,,,h3:①Q.派手で奇抜だから恥ずかしい？,h3:ご褒美名品のためなら頑張れる,h2:,h3:AXESでシャネルのバッグのセールを狙う,h3:⑥クラシックハンドバッグ | 11.12,h3:▷▷ファッションアイテムとして取り入れたい!「バニティ」
,,h2:,h4:ココボール 一覧,h3:7位：ドーヴィル,h3:マドモアゼル,h2:シャネル バニティバッグ ココマーク 縦型 キャビアスキン A01998 CHANEL 化粧ポーチ コスメポーチ 黒 安心保証,h3:使用するシーンに合わせる,h3:第5位：トートバッグ,h3:ドーヴィル,h3:【栄】【CHANEL】シャネル ミニマトラッセ ショルダーバッグ レザー パール BK GD金具 ランダムシリアル ショルダーバッグ レディース 箱 保存袋【中古】,h3:ボーイシャネル,,,h3:②Q.高級品だから恥ずかしい？,h3:ONもOFFもこのバッグひとつで,h2:,h2:シャネルのアウトレットは日本にある？ 安い？,h3:⑦スモール ハンドバッグ | BOY CHANEL,h4:
,,h1:シャネルのバッグを買うなら今！後悔しないための選び方と購入ガイド,h4:エレガントとキュートな印象が両立したマトラッセミニ,h3:8位：CHANEL 19,h2:シャネルのバッグ人気ランキング,h2:シャネル チェーンショルダーバッグ マトラッセ25 ココマーク ダブルチェーン ラムスキン A01112 CHANEL 黒 安心保証,h3:素材,h3:第4位：アフィニティ,h3:ガブリエル,h3:【名東】【CHANEL】シャネル ココハンドルXS シェブロン A92990 カーフスキン ショルダーバッグ ブラック ハンド SV金具【新品】【未使用】【中古】,h3:マトラッセ（ラムスキン）,,,h3:現在発売中の対象モデルはこちら,h2:持ったときの「華やぎ」が格別なのは【白・シルバー】系,h1:【決定版】シャネルバッグ人気色大図鑑｜あなたに似合う最高の一色を見つけるために,h2:ラクサスならシャネルのバッグを1日347円でレンタルできる,h3:⑧ミニ ショッピング バッグ,h4:ご購入者のレビューはこちら!
,,h2:シャネルのバッグが多くの人に選ばれる理由,h4:MATELASSE(マトラッセ) ミニバッグ 一覧,h3:9位：カンボンライン,h3:マトラッセ チェーンバッグ,h2:シャネル チェーンショルダーバッグ No5 パフュームボックス CHANEL 白 安心保証,h3:カラー,h3:第3位：CHANEL22,h3:CHANEL 19,h3:【名東】【CHANEL】シャネル 25 ミディアム ハンドバッグ AS5311 ブラック ゴールド金具 スエード 巾着 レディース【中古】,h2:シャネルの人気バッグランキング5選,,,h3:③Q.有名すぎて恥ずかしい？,h3:ステキすぎて忘れられなかったホワイトバッグ,h2:シャネルバッグは&rdquo;色&rdquo;が印象を決める,h2:シャネルのバッグを安く買う方法についての質問回答,h3:⑨バックパック | CHANEL22,h4:CHANEL(シャネル)  × バニティバッグー覧
,,h2:シャネルのバッグを購入する前にチェックすべき3つのポイント,h2:ココハンドル,h3:10位：ハートシェイプ,h3:ミニ マトラッセ,h2:シャネル チェーンショルダーバッグ ココマーク ミニ マトラッセ 20 キャビアスキン A69900 CHANEL ラメ加工 黒 安心保証,h3:リセール,h3:第2位：ココハンドル,h3:カンボンライン,h3:【栄】【CHANEL】シャネル ミニマトラッセ チェーンショルダーバッグ ココマーク ランダムシリアル ラムスキン ブラック ゴールド金具 レディース 女性 箱 保存袋【未使用】【中古】,h3:1位：マトラッセ,,,h2:オススメのシャネルバッグ3選！,h3:収納力にも満足！シーンレスで持てるバッグ,h2:シャネルバッグの定番カラー3選,h3:中古でシャネルのバッグを買うのってどう思いますか？,h3:⑩スモール ホーボーバッグ,h3:▷▷キャッチーで気分もあがる!「ハートバッグ」
,,h3:コレクション,h3:手のひらサイズのラグジュアリー,h2:2.【Q&A】「シャネルを買うなら」知っておきたい5つのコト,h3:トップ ハンドル フラップ バッグ,h2:シャネル ウエストバッグ マトラッセ キャビアスキン ウエストポーチミニバック 安心保証,h2:お得にシャネルバッグを買う方法,h3:第1位：マトラッセ チェーンバッグ,h3:復刻トート,h3:【天白】【CHANEL】シャネル ブリリアント マトラッセ チェーンショルダー A48692 エナメル パテントレザー ブラック シルバー金具 レディース 鞄【中古】,h3:2位：ココハンドル,,,h3:①チェーントートバッグ（A01113）,h3:韓国リミテッドバッグは韓国ドラマ風コーデで華やかに,h3:ブラック,h3:海外のセレクトショップ（代理店）の通販サイトはどう思いますか？,h2:【コスパ重視の方へ】シャネルバッグの人気ランキングTOP10を安い順に並べると？,h4:CHANEL(シャネル) × ハートバッグー覧
,,h3:サイズ,h3:毎日に寄り添う、エレガンスのミニマムシルエット,h3:2-1.①初めてシャネルのバッグを買うならどれがおすすめ？,h3:CHANEL 22,h2:シャネル トートバッグ カンボンライン ラージトート マトラッセ ココマーク レザー A25169 CHANEL ピンク 黒 安心保証,h3:海外で購入する,h2:■シャネルのバッグの選び方,h3:シャネル2.55,h3:【天白】【CHANEL】シャネル 25A カメリア クラッチ ショルダーバッグ CCロゴ ベルベット ゴールド金具 レディース 鞄 ポーチ【中古】,h3:3位：CHANEL 22,,,h1:,h3:プッシュギフトに流行り廃りのない絶妙カラーを,h3:ホワイト,h3:海外のアウトレット通販サイトはどう？,h2:【要チェック】シャネルのバッグのツウな選び方とは？,h3:▷▷あらゆるコーデにマッチする!「ミニバゲットバッグ」
,,h3:素材,h4:ココハンドル 一覧,h3:2-2.②シャネルのバッグを買う人はどんな人？,h3:復刻トート,h2:シャネル チェーンショルダーバッグ マトラッセ ココマーク ラムスキン ミニマトラッセ A35200 CHANEL 安心保証,h3:中古品を購入する,h3:まずは使用シーンをイメージ,h2:シャネルのバッグを選ぶ4つのポイント,h3:【天白】【CHANEL】シャネル ミニボストン チェーンショルダー マトラッセ AP4474 シャンパンゴールド金具 ブラック キャビアスキン 鞄【中古】,h3:4位：ボーイシャネル,,,h4:チェーントートバッグ（A01113）の魅力,h3:派手過ぎず大人しすぎない万能バッグ,h3:ベージュ,h2:シャネルのバッグを安く手に入れる方法まとめ,h3:ショルダーバッグが圧倒的に人気,h4:CHANEL(シャネル)  × ミニバッグー覧
,,h2:シャネルのバッグを買うならどこがいい？ 購入先の種類と特徴,h2:チェーンウォレット,h3:2-3.③シャネルのバッグを買うならどこが一番安い？,h3:アフィニティ,h2:シャネル チェーンショルダーバッグ マトラッセ25 ココマーク ダブルチェーン カーフスキン A01112 CHANEL 黒 安心保証,h3:海外通販サイトを利用する,h3:迷ってしまうときには,h3:バッグの種類で選ぶ,h3:【天白】【CHANEL】シャネル マトラッセ エーデルワイス チェーンショルダー ウール ブラック シルバー金具 フラップ レディース 鞄【中古】,h3:5位：ドーヴィル,,,h4:どんな人におすすめ？,h3:シルバーカラーはコンサバ過ぎない華やかさでマルチに使える,h2:今の流行をおさえたトレンドカラー5選,h2:プラダのバッグを安く買える方法や国は？アウトレットにお店はある？,h3:迷ったらミニサイズをセレクト,h3:▷▷クラシカルな印象を放つ!「ラウンドバッグ」
,,h3:正規店で購入する場合,h3:『シャネル』をもっと自由に纏うならこれ!,h3:2-4.④お得にシャネルのバッグを買うならどんな方法がある？,h3:バニティバッグ,h2:シャネル チェーンショルダーバッグ バニティ ココマーク カメリア マトラッセ ラムスキン AP3301 CHANEL 安心保証,h2:シャネルバッグの購入に関するよくある質問,h2:■最後に,h3:バッグのラインで選ぶ,h3:【名東】【CHANEL】シャネル ラージショッピングバッグ トート ハンド シルバー金具 A57168 ピンク レディース【中古】,h2:最高のシャネルバッグを選ぶための3つのチェックポイント,,,h3:②復刻トート（A01804）,h2:温かみのある表に見とれる【ベージュ・ブラウン】系,h3:ピンク,h2:アウトレットが安い理由は？ブランドのバッグや服をお得に買う方法【おすすめ】,h3:あえて中古アイテムから選ぶのもおすすめ,h4:CHANEL(シャネル)  × ラウンドバッグー覧
,,h3:二次流通市場で購入する場合,h4:チェーンウォレット 一覧,h3:2-5.⑤なぜシャネルのバッグはこんなにも高額？,h3:ハートシェイプ,h2:シャネル チェーンショルダーバッグ ココマーク マトラッセ トップハンドル バニティ CHANEL 安心保証,h2:まとめ,h2:SHARE THIS ARTICLE,h3:バッグの素材で選ぶ,h3:【名東】【CHANEL】シャネル バッグ シャネル25 スモール AS5293 ランダム BK/GD金具 マトラッセ グレインドカーフスキン ココマーク 女性 レディース 保存袋 箱【新品】【未使用】【中古】,h3:使用シーンに合わせたバッグを選ぶ,,,h4:復刻トート（A01804）の魅力,h3:理想の自分になるために鼓舞してくれる最強バッグ,h3:ゴールド,h2:ロエベのバッグを安く買える方法や国は？アウトレットはどう？,h3:【注意】シャネルの正規店舗のアウトレットは無い,h3:▷▷コーデに差をつける!「ベルトバッグ」
,,h2:おすすめのシャネルバッグ5選,h2:シャネル22,h2:3.シャネルのバッグを買うなら何を基準に決める？,h3:CHANEL 19,h2:シャネル チェーンショルダーバッグ マトラッセ ココマーク バニティバッグ ラムスキン AP3459 CHANEL 黒 2way 安心保証,h2:執筆者情報,h3:【コラム】エルメス バディチャームに派生アイテム”バディパンク”が登場,h3:バッグの色やデザインで選ぶ,h3:【名東】【CHANEL】シャネル バッグ ココハンドル エクストラミニ AP4244 ランダム BK/SV シェブロン カーフスキン ココマーク 女性 レディース 保存袋 箱【新品】【未使用】【中古】,h3:素材とサイズの選び方,,,h4:どんな人におすすめ？,h3:自分のパーソナルカラー的に似合うと確信,h3:ブルー,h2:フェンディのバッグを安く買える方法や国は？アウトレットにお店はある？,h2:かんてい局ならシャネルの人気バッグが目白押し！,h4:ご購入者のレビューはこちら!
,,h3:クラシックハンドバッグ マトラッセチェーンショルダー ブラック,h3:都会の“抜け感”を演出するスモールホーボー,h3:3-1.使用シーンで決める,h3:カンボンライン,h2:シャネル チェーンショルダーバッグ ココマーク マトラッセ トップハンドル バニティ CHANEL 安心保証,h2:関連記事,h3:ヴァンクリーフ&アーペルの買取価格が高騰中！その理由と人気アイテム4選。,h2:シャネルのバッグへ買い替えるなら当社「ブランドオフ」の無料査定へ,h3:【名東】【CHANEL】シャネル バニティ ハンドバッグ ピンク キャビアスキン ゴールド金具 化粧ポーチ 女性 レディース【中古】,h3:心から惹かれるデザインを選ぶ,,,h3:③ココハンドル（A92990）,h3:いつか娘に受け継いでほしい名品バッグ,h3:イエロー,h2:エルメスのバッグを安く買える方法や国とは？アウトレットはある？,h2:シャネルのバッグの人気ランキング｜まとめ,h4:CHANEL(シャネル)  × ベルトバッグー覧
,,h3:マトラッセ ココハンドル 24 トップハンドル フラップ バッグ ブラック,h4:,h3:3-2.素材で決める,h3:トレンディCC,h2:シャネル ショルダーバッグ ココマーク レザー CHANEL 安心保証,h4:選べる買取方法,h2:RELATED NEWS,h2:選べる買取方法,h3:【名古屋】【CHANEL】シャネル ミニクラシック ハンドバッグ A35200 マトラッセ ラムスキン ブラック シャンパンゴールド金具 黒 チェーンショルダーバッグ レディ【新品】【未使用】【中古】,h2:まとめ,,,h4:ココハンドル（A92990）の魅力,h2:知的さとクールさが得意な【グレー】,h3:グレー,h3:ドローブ（DROBE）で届いた服の口コミ評判まとめ・料金・感想【2万人調査】,h3:月別アーカイブ,h2:スタハ編集部の「CHANEL・名品バッグ」レビュー動画も✓
,,h3:CHANEL 22 スモール ハンドバッグ ブラック,h3:軽さと収納力を兼ね備えた、新しい“デイリートートの決定版”,h3:3-3.収納力で決める,h2:シャネルのバッグを選ぶ時のコツ,h2:シャネル チェーンショルダーバッグ マトラッセ25 ココマーク ダブルチェーン エナメル パテント A01112 CHANEL 安心保証,h4:選べる無料査定,h3:シャネル 人気のチェーンショルダーバッグおすすめ10選,h2:お問い合わせ,h3:【名古屋】【CHANEL】シャネル フラップバッグ フェイクパール付き チェーンショルダーバッグ マトラッセ ブラック ゴールド金具 カーフスキン 27番台 黒 レディース【中古】,,,,h4:どんな人におすすめ？,h3:限定カラーのグレー、買って正解でした,h2:シャネルバッグのカラー選びで失敗しないために,h3:エアークローゼット（エアクロ）で届いた服の口コミ評判まとめ・料金・感想,h3:最近の投稿,h4:BUYMA公式 / スタハ編集部 YouTubeチャンネルはこちら
,,h3:CHANEL 25 ミディアム ハンドバッグ ブラック,h4:シャネル22 一覧,h3:3-4.デザインで決める,h3:利用シーンを想像する,h2:シャネル トートバッグ 復刻トート ココマーク キャビアスキン A01804 CHANEL バッグ マトラッセ キルティング 黒 安心保証,h4:買取ジャンル,h3:【10万円以内のアイテムも!】シャネルの予算別おすすめアイテムをご紹介,,h3:【名東】【CHANEL】シャネル バッグ チェーンショルダー マキシ ウォッシュ ド デニム AS5734 ランダム デニム/GD金具 ココマーク 女性 レディース 袋 箱【新品】【未使用】【中古】,,,,h2:最後に,h3:コーデに奥行がでるグレーをチョイス,h3:シーンや使用頻度に合わせて選ぶ,,h3:【質屋かんてい局新居浜店】でGUCCI(グッチ)をお買取致しました！,h2:人生をともに歩むバッグたち
,,h3:クラシック ラージ ハンドバッグ マトラッセ チェーンショルダー レッド,h2:ヴァニティ バッグ,h3:3-5.カラーで決める,h3:ラインで選ぶ,h2:シャネル チェーンショルダーバッグ マトラッセ ココマーク キャビアスキン AS1977 CHANEL 安心保証,h4:買取強化ブランド,h3:シャネル(CHANEL)ニューアイコンアイテムのココハンドルについて,,h3:【栄】【CHANEL】シャネル ミニマトラッセ ショルダーバッグ キャビアスキン BK GD金具 ランダムシリアル ショルダーバッグ 女性 箱 保存袋【中古】,,,,h3:現在発売中の対象モデルはこちら,h2:大好き！がギュッとつまった個性際立つ【赤・ピンク】,h3:金具の色で選ぶ,,h3:【質屋かんてい局新居浜店】ZARA(ザラ)をお買取致しました！,h4:40万台以下の「CHANEL・バッグ」をまとめて見る
,,h2:シャネルバッグの購入後に気をつけたいポイント,h3:持つだけで気分が華やぐ、遊び心たっぷりのミニバッグ,h3:3-6.持ち方で決める,h3:サイズで選ぶ,h2:シャネル ハンドバッグ CHANEL 22 マトラッセ スモール シャイニーカーフレザー AS3260 ポーチ付き,,h3:シャネルのカンボンライン｜愛され続けるアイコンアイテム,,h3:【天白】【CHANEL】シャネル コインケース ポーチ 2024 イヤーズギフト AirPods ケース メタリックゴールド ゴールド金具 レディース【未使用】 【中古】,,,,h3:関連記事一覧,h3:2年待ちで迎えた憧れ赤ツィードは生涯のバディです,h3:ワードローブとの相性で選ぶ,,h3:【質屋かんてい局新居浜店】でFENDI(フェンディ)をお買取致しました！,h4:あなたにオススメの記事はこちら!
,,h3:お手入れ・メンテナンス,h4:ヴァニティ バッグ 一覧,h3:3-7.新品か中古で決める,h3:カラーで選ぶ,h2:シャネル ハンドバッグ マトラッセ ココハンドル ミニミニ キャビアスキン AP4244 2wayチェーンショルダー 黒,,h3:シャネルのココハンドルが買えない？その理由や入手方法を解説,,h3:【名東】【CHANEL】シャネル CHANEL25 ミニ ハンドバッグ 肩掛け AS5631 キャビアスキン ベージュ レディース【新品】【未使用】【中古】,,,,h4:シャネルの『買取保証』を徹底解説！！高価買取を実現！「どんな状態でも買取保証？」【大垣】,h3:大好きなピンクが自分を幸せにしてくれる,h3:パーソナルカラーで選ぶ,,h3:ブランドから探す,h2:EDITOR / y-Tizam
,,h3:修理が必要なときは,h2:マトラッセ バックパック ミニ,h3:3-8.リセールバリューで決める,h3:素材で選ぶ,h2:シャネル チェーンショルダーバッグ マトラッセ25 ココマーク ダブルチェーン キャビアスキン A01112 CHANEL 黒,,h3:ミニ財布のおすすめハイブランド10選！人気の理由と選び方も解説,,h3:【栄】【CHANEL】シャネル マトラッセ チェーンショルダーバッグ AP3642 レザー BK SV金具 ランダムシリアル ショルダーバッグ レディース 女性 箱 保存袋【中古】,,,,h4:【徹底解説】スタジャンってもう古い？時代遅れ？【細畑】,h1:RELATED TOPICS,h2:まとめ,,,h3:このまとめに関するキーワード
,,h2:まとめ,h3:品格あるカジュアルスタイルに最適!,h2:4.シャネルのバッグ・ライン一覧,h2:まとめ,h2:シャネル バニティバッグ ココマーク キャビアスキン 縦型 A01998 CHANEL 化粧ポーチ コスメポーチ 安心保証,,h2:RANKING,,h3:【栄】【CHANEL】シャネル キルティング チェーンショルダーバッグ レザー ベージュ GD金具 ヴィンテージ加工 23番台/8桁シリアル ショルダーバッグ 女性【中古】,,,,h4:【2026最新】アニエスベーはアウトレットでどれくらい安い？岡崎アウトレットで実際にチェックしてきた！【写真あり】【小牧】,h2:顔周り華やぐ【上品肌見せトップス】でご褒美お寿司をスペシャルに,h3:【記事内に登場した商品が見られる！買える！店舗＆オンラインショッピング案内】,,,h3:掲載ブランド
,,h3:【記事内に登場した商品が見られる！買える！店舗＆オンラインショッピング案内】,h4:バックパック 一覧,h3:4-1.マトラッセ リュック,h2:この記事をシェアする,h2:シャネル チェーンショルダーバッグ マトラッセ ココマーク キャビアスキン AS5758 CHANEL 安心保証,,h3:【2025年最新版｜シャネル マトラッセ】プロが教えるシャネルのチェーンバッグ「...,,h3:【名東】【CHANEL】シャネル ミニクラシック ショルダーバッグ シルバー ゴールド金具 A35200 ラムスキン レディース【新品】【未使用】【中古】,,,,h4:【ロレックス】279163G デイトジャストの魅力とは？「スターダイヤ」が選ばれる理由も解説!! 【茜部】,h2:【Diorのカロ、FENDIのマンマ バゲット】10年後も使える「永遠定番」をおさらい！,h2:この記事に関するタグ,,,h3:おすすめアイテム
,,h2:この記事に関するタグ,h2:シャネル25 ミニハンドバッグ,h3:4-2.アンリミテッド,h2:タグ一覧,h2:シャネル チェーンショルダーバッグ カーフレザー ガブリエル ドゥ ホーボー ラージ A93824 CHANEL 2way 安心保証,,h3:【2025年最新版】買取りのプロがエルメスのバッグ&rdquo;ピコタン&rdquo;を徹底解説,,h3:【天白】【CHANEL】シャネル ハンドバッグ ショルダーバッグ バケツ型 ツイード ピンク ココマーク ゴールド金具【新品】【未使用】【中古】,,,,"h4:【かんてい局細畑店】2026年1月10日から1月25日で喜平1gあたり1,500円引きセール開催！【細畑】",h2:【2026年度版】“開運ナンバー”一覧。スマホのロック画面にして運気アップ！,h2:あわせて読みたい,,,h3:関連記事一覧
,,h2:あわせて読みたい,h3:小さいのに主役級! 機能性も見逃せないスモールサイズ,h3:4-3.ガールシャネル,h2:買取品目のコラムカテゴリー,h2:シャネル チェーンショルダーバッグ マトラッセ ココマーク パリ限定 扇形 フラップ CHANEL 黒 安心保証,,h3:【2025年最新版】プロが教えるエルメスバーキンの選び方（サイズ・素材・カラー別...,,h3:【名東】【CHANEL】シャネル デカマトラッセ34 Wチェーンショルダー A01094 ラムスキン ブラック ゴールド金具 レザー  バッグ レディース【中古】,,,,h4:【在庫あり】エルメスのピコタンの使い勝手をレビュー！【春日井 】,h2:今買うならこれ！ ユニクロの春まで楽しめる「超・モト取れ」コーデ〈3選〉,h2:PICK UP         ピックアップ,,,h2:STYLE BOOK
,,h2:PICK UP         ピックアップ,h4:シャネル25 一覧,h3:4-4.ブリリアント,h2:ブランドのコラム,h2:シャネル チェーンショルダーバッグ マトラッセ ココマーク トップハンドル ラムスキン AS4956 CHANEL 安心保証,,h3:【2025年最新版】エルメス バーキンの価格が急上昇中!? その理由とおすすめの...,,h3:【栄】【CHANEL】シャネル タイムレスクラシック マトラッセ チェーンウォレット ショルダーバッグ AP0250 ランダムシリアル ソフトキャビアスキン ライトブルー ゴールド金具【中古】,,,,h4:【一宮/稲沢エリア】シチズンの買取なら質屋かんてい局へ！買取実績公開中！CITIZEN【北名古屋】,h2:年末の「おめかし服」は、上半身映えする【シアートップス】が大正解！,h2:CATEGORY         カテゴリー,,,h2:DAILY RANKING
,,h2:CATEGORY         カテゴリー,h2:スタハ編集部の「シャネル・名品バッグ」レビュー動画も✓,h3:4-5.チョコバー ライン,h2:カンタン 無料買取査定,h2:シャネル チェーンポシェット カメリア ココマーク サテン ラムスキン CHANEL ハンドバッグ 安心保証,,h3:【2025年最新版】エルメスのバッグの魅力 | 種類とおすすめバッグ8選,,h3:【名東】【CHANEL】シャネル ボウバッグ チェーンショルダー ハンド レディース【新品】【未使用】【中古】,,,,h4:MENU,h2:40代の【ロング丈ダウンコート】の着こなし方。上品見えするコツ〈３選〉,h2:RANKING     人気記事ランキング,,,h2:KEYWORD
,,h2:RANKING     人気記事ランキング,h4:BUYMA公式 / スタハ編集部 YouTubeチャンネルはこちら,h3:4-6.ワイルドステッチ ライン,h2:買取品目のコラムカテゴリー,h2:シャネル チェーンショルダーバッグ ガブリエル ドゥ シャネル スモール ホーボーバッグ A91810 CHANEL 白 安心保証,,h2:TAGLIST,,h3:【名古屋】【CHANEL】シャネル コインケース 旧トラベルライン ブラック シルバー金具 5番台 ナイロン 小銭入れ 小物 レディース メンズ【中古】,,,,,h1:FEATURE,h2:TAG         おすすめタグ,,,
,,h2:TAG         おすすめタグ,h2:あなたのスタイルに合ったシャネルを見つけよう!,h3:4-7.ウルトラステッチ ライン,h2:コラムの人気記事,h2:シャネル チェーンショルダーバッグ マトラッセ23 ココマーク ダブルチェーン ラムスキン A01113 CHANEL バッグ 黒 安心保証,,h2:RECOMMENDオススメ記事,,h3:【名古屋】【CHANEL】シャネル スモールヴァニティケース チェーンショルダーバッグ AS3344 ブラック ゴールド金具 ラムスキン 黒 クロスボディ レディース【中古】,,,,,h2:摩擦レスで毛穴汚れをクリアにする！ 美の逸品【うるおうクレンジング】,h2:ARCHIVE         アーカイブ,,,
,,h2:ARCHIVE         アーカイブ,h4:CHANEL(シャネル)のバッグをまとめて見る,h2:5.【2025／2026年秋冬コレクション】新作バッグを紹介,h3:金を売る時の7つの注意点！売り方や高く売却できる種類を解説,h2:シャネル チェーンショルダーバッグ ミニ マトラッセ 20 ココマーク ラムスキン A69900 CHANEL 安心保証,,h2:Link,,h3:【名東】【CHANEL】シャネル ココハンドルXS チェーンショルダーバッグ シルバー金具 A92990 シルバー キャビアスキン レディース【新品】【未使用】【中古】,,,,,h2:たった3分で見違える！ ハリ満ちる美容の新習慣【美顔器】,h2:CONTACT USお問い合わせ,,,
,,h2:CONTACT USお問い合わせ,h4:あなたにオススメの記事はこちら!,h3:5-1.フラップ バッグ シャイニー ラムスキン キャメル,h3:金とプラチナ買うならどっち？特徴や価値の違い・今後の資産価値を解説,h2:シャネル バニティバッグ ココマーク キャビアスキン 縦型 A01998 CHANEL 化粧ポーチ コスメポーチ 黒 安心保証,,,,h3:【栄】【CHANEL】シャネル マトラッセ チェーンショルダーバッグ ココマーク ランダムシリアル キャビアスキン ブラック ゴールド金具 レディース 女性 箱 保存袋【中古】,,,,,h2:【STORY channel】YouTube公式チャンネルが本格スタート！,h2:SHOPPING GUIDEご利用ガイド,,,
,,h2:SHOPPING GUIDEご利用ガイド,h2:EDITOR / MEG,h3:5-2.スモール トップハンドル フラップ バッグ　グレインド シャイニー カーフスキン ホワイト,h3:ロレックスの最適な売り時はいつ？円安の影響と高価買取時期7選,h2:シャネル ハンドバッグ ココマーク マトラッセ トレンディCC トップハンドル ラムスキン A92236 2way チェーンショルダー 黒 安心保証,,,,h3:【名古屋】【CHANEL】シャネル チェーンクラッチバッグ AP4771 2025/26ココネージュ ブラック GD金具 ベルベット カーフスキン【新品】【未使用】【中古】,,,,,h1:Jan10今日の40代おしゃれコーデ,h2:SHOP INFORMATION店舗案内,,,
,,h2:SHOP INFORMATION店舗案内,h3:このまとめに関するキーワード,h3:5-3.BOY CHANEL ハンドバッグ シャイニー グレインド カーフスキン グレー,h3:30～50年前の古いロレックスに価値はある？年代別の買取相場や高価買取のコツ,h2:シャネル チェーンショルダーバッグ マトラッセ25 ココマーク ダブルチェーン キャビアスキン A01112 CHANEL 黒 安心保証,,,,h3:【名古屋】シャネル アーバンスピリット チェーンリュック A91122 マトラッセ バックパック ブラック ラムスキン ゴールド金具 26番台 レディース【中古】,,,,,h2:上半身映えマストのヌン活コーデは【レースキャミ】で盛って最旬に,,,,
,,,h3:掲載ブランド,h3:5-4.イヴニング バッグ キルテッド スパンコール ブラック,h3:エルメスバッグの全種類一覧｜人気・廃盤モデル～レディース・メンズまで一挙紹介,h2:シャネル チェーンショルダーバッグ CHANEL19 マトラッセ ココマーク フラップ ステッチ ラムスキン AS1160 CHANEL 安心保証,,,,h3:【名東】【CHANEL】シャネル マトラッセ チェーン バックパック AS3618 ブラック ゴールド金具 ラムスキン リュックサック バッグ レディース【中古】,,,,,h1:会員限定PRESENT,,,,
,,,h3:おすすめアイテム,h3:5-5.ハートシェイプ バッグ ラムスキン ピンク,h3:「馬をロゴに選んだハイブランド」を大紹介,h2:シャネル チェーンショルダーバッグ ココマーク マトラッセ ラインストーン ベロア CHANEL ノベルティ 2024イヤーズギフト 黒,,,,h3:【名東】【CHANEL】シャネル シャネル22 ショルダーバッグ AS3261 ゴールド金具 シャイニーカーフスキン ピンク ハンド レディース【中古】,,,,,h2:雑誌購入限定プレゼント,,,,
,,,h3:関連記事一覧,h3:5-6.CHANEL22 ミニ ハンドバッグ シャイニー カーフスキン グレー,h3:【0.1～2.0ct】ダイヤモンドの買取相場一覧！価値基準と売却時のポイントとは？,h2:シャネル チェーンバニティバッグ マトラッセ ココマーク ラムスキン AP1472 CHANEL 黒 安心保証,,,,h3:【栄】【CHANEL】シャネル ココマーク ショルダーバッグ ミニフラップ ラムスキン ランダムシリアル ブラック チャーム ゴールド金具 ヴィンテージ加工 レディース 箱 保存袋【中古】,,,,,h3:「シーンを選ばない、ほぼクロ服」を計６様にプレゼントします！,,,,
,,,h2:STYLE BOOK,h2:6.シャネルのバッグを買うなら自分に合った最適な選択を,h3:ダイヤモンドの価格は今後高騰する？相場推移と値上がりの背景,h2:シャネル チェーンショルダーバッグ ボーイシャネル スモール マトラッセ ココマーク キャビアスキン A67085 CHANEL 黒 安心保証,,,,h3:【名古屋】【CHANEL】シャネル 復刻トート A01804 キャビアスキン ブラック シルバー金具 レディースハンドバッグ 女【中古】,,,,,h1:PICK UP,,,,
,,,h2:DAILY RANKING,h4:関連記事はコチラ,h3:【2025年】ロレックスの入手困難ランキング｜買えないレアモデルの特徴,h2:シャネル リュック CHANEL 25 ミディアム バックパック マトラッセ ココマーク キャビアスキン AS5600 2025/26年秋冬,,,,h3:【名東】【CHANEL】シャネル チェーンクラッチ バッグ AP4572 メッシュ シャイニーラムスキン ブラック GL金具 ポーチ付 ショルダー レディース【中古】,,,,,h2:摩擦レスで毛穴汚れをクリアにする！ 美の逸品【うるおうクレンジング】,,,,
,,,h2:KEYWORD,h2:かんたん30秒お手軽査定,h3:ロレックスを愛用している芸能人・有名人をモデル別にご紹介,h2:シャネル(CHANEL) バッグについての関連記事はこちら,,,,h3:【天白】【CHANEL】シャネル ミニフラップ チェーンショルダーバッグ ブラック 黒 シャンパンゴールド金具 ラムスキン ココマーク 鞄 レディース【中古】,,,,,h2:たった3分で見違える！ ハリ満ちる美容の新習慣【美顔器】,,,,
,,,,h3:手数料0円,h3:ルイ・ヴィトンの全種類・素材一覧｜人気・定番~限定・廃盤ラインまで一挙紹介,h2:シャネル(CHANEL)のバッグについて,,,,h3:【新春SALE】【天白】【CHANEL】シャネル ツイード ボストンバッグ ブラック シルバー金具 トートバッグ クローバー ココマーク レディース 女性 鞄【中古】,,,,,h2:【STORY channel】YouTube公式チャンネルが本格スタート！,,,,
,,,,h3:やさしい相場説明,h3:ゴローズの店内での禁句とは？ルール・注意点・抽選方法を解説,h2:シャネル(CHANEL)の他アイテムはこちら,,,,h3:【天白】【CHANEL】シャネル チェーンウォレット ショルダーバッグ 財布 マトラッセ ブラック ゴールド金具 レザー ココマーク ココボール レディース【中古】,,,,,h1:Fortune,,,,
,,,,,h3:ロエベ「アマソナ」は後悔するほどダサい？使い勝手やサイズ・人気色を解説,h2:シャネル(CHANEL)のバッグについての解説記事はこちら,,,,h3:【名東】【CHANEL】シャネル カメリアショルダー A57273 コーティングキャンバス ビニール ブラック ベージュショルダーバッグ ロゴ シルバー金具 レディース【中古】,,,,,h2:ケンさんの「輝数石占い。」,,,,
,,,,,h3:コーチは貧乏くさくてダサい？年齢層別のブランドイメージを解説,h2:シャネル(CHANEL)バッグについてのレビュー,,,,h3:【天白】【CHANEL】シャネル ラウンド ボア ショルダーバッグ シャネル19 黒 AP0945 ゴールド チェーン 丸 シルバー レディース 斜め掛け ブラック BK 美品【中古】,,,,,h2:ボイジャータロット,,,,
,,,,,h3:【2026年】エルメス「シェーヌダンクル」の定価や価格推移を解説,h4:RegionSuggestion,,,,h3:【天白】【CHANEL】シャネル CCフィリグリー チェーンショルダーバッグ 白×黒 ホワイト ブラック シルバー金具 マトラッセ キャビアスキン ココマーク レディース 鞄【中古】,,,,,h1:MAGAZINE,,,,
,,,,,h2:ブランドのコラム,h2:We found a better store for your region,,,,h2:全国からたくさんのご注文ありがとうございます！ご注文の一部をご紹介します,,,,,h2:2026年2月号,,,,
,,,,,h2:コラムの人気タグ,,,,,h2:質ウエダの商品ランクについて,,,,,h1:STORY｜「新しい40代」のためのファッション＆ライフスタイル誌,,,,
,,,,,h2:サイトメニュー,,,,,h2:質ウエダの GOOD! ポイント,,,,,h2:MAGAZINE OFFICIAL SITE,,,,
,,,,,,,,,,h3:ギフトラッピング無料,,,,,,,,,
,,,,,,,,,,h3:全品鑑定済,,,,,,,,,
,,,,,,,,,,h3:安心のクリーニング済商品,,,,,,,,,
,,,,,,,,,,h3:高級腕時計の保証について,,,,,,,,,
,,,,,,,,,,h3:ブランド品の下取りについて,,,,,,,,,
,,,,,,,,,,h3:お問い合せ,,,,,,,,,
,,,,,,,,,,h2:質ウエダからのご案内,,,,,,,,,
,,,,,,,,,,h3:お支払いについて,,,,,,,,,
,,,,,,,,,,h3:商品の配送について,,,,,,,,,
,,,,,,,,,,h3:同梱配送について,,,,,,,,,
,,,,,,,,,,h3:返品・交換について,,,,,,,,,