,,,,,,
,メインKW,,,,,
,サブKW,,,,,
,,,,,,
,,,,,,
,強調スニペット/AI overview 有無,,←有の場合には、その内容も対策する（表が出てくる場合には表を作成する）,,,
,AI overview,,,,,
,,,,,,
,,,,,,
,バーティカル検索,,←バーティカル検索（すべて除く）を左から順に記載。検索意図（ユーザーの求める情報の形）を把握する,,,
,1,ショッピング,,,,
,2,画像,,,,
,3,ショート動画,,,,
,4,動画,,,,
,,,,,,
,,,,,,
,対策文字数,,←ラッコキーワードで見出し抽出画面の平均文字数を記載,,,
,6970,,,,,
,,,,,,
,,,,,,
,KW種類,含めるべき場所,利用ツール,調査方法とやること,,
,顕在KW,見出し,"Googleサジェスト
ラッコキーワード","①Google検索に対策KWを入れて顕在KWを抽出する（シークレットモード）
もしくはラッコキーワードで「Googleサジェスト」を抽出する",,
,潜在KW,本文,"Google再検索ワード
GetKeyword","①Google検索下部の「他の人はこちらも検索」のKWを抽出（シークレットモード）
もしくはGetKeywordの「再検索ワード」を抽出
※無料会員登録することで1日複数回利用可となる",,
,共起語,本文,ラッコキーワード,①ラッコキーワードの「共起語β」を用いて共起語を抽出,,
,ターシャリ,タイトル,rurico,"①ruricoの「タイトルへのKWD使用状況」を見て、類似率が60％以上のものを抽出
※DLしたExcelファイルの左から6つ目のシートを確認",,
,PAA,本文,ラッコキーワード,①ラッコキーワードの「潜在的な検索キーワード/質問（LSI/PAA）から抽出,,
,QA,見出し,GetKeyword,"①Google検索結果の「関連する質問」を抽出
もしくはGetKeywordの「質問文」から抽出
※無料会員登録することで1日複数回利用可となる",,
,,,,,,
,,,,,,
,↓上記の調査方法を用いて、それぞれのKWを調査・記載。再検索/サジェストのネガティブ情報を盛り込む,,,,,
,顕在KW,潜在KW,共起語,ターシャリ,PAA,QA
,シャネル デザイナー,シャネル,シャネル,,シャネル デザイナー 歴代,現在のシャネルのデザイナーは誰ですか?
,シャネル デザイナー 現在,シャネル化粧品,ブランド,,シャネル デザイナー エディ,chanel2026のデザイナーは誰ですか?
,シャネル デザイナー 2025,シャネルメガネ,デザイナー,,シャネル デザイナー ヴィルジニー,chanelのデザイナーは誰ですか?
,シャネル デザイナー 交代,シャネル公式,ファッション,,シャネル デザイナー 日本人,日本人でシャネルのアンバサダーになった人は?
,シャネル デザイナー 歴代,シャネル バニティ,ヴィルジニー,,シャネル デザイナー 変わる,シャネルの現在のデザイナーは誰ですか?
,シャネル デザイナー カール,シャネル デザイナー,ヴィアール,,シャネル デザイナー マチュー,シャネルのデザイナーはいつ就任するのでしょうか?
,シャネル デザイナー変わった,シャネル イベント,カール・ラガーフェルド,,CHANEL マチュー コレクション,シャネルの社員の年収はいくらですか?
,シャネル デザイナー エディ,シャネルデザイナー,発表,,シャネル 新デザイナー バッグ,ディオールの歴代デザイナーは?
,シャネル デザイナー マチュー,デザイナー シャネル,カール,,シャネル マチュー いつから,chanelはいつからデザイナーになったのですか?
,シャネル デザイナー変更,シャネル ココボーム,女性,,シャネル デザイナー 現在,ココ・シャネルの後継者は誰ですか?
,シャネル デザイナー 変わった,シャネル クラシック,ディレクター,,シャネル デザイナー 2025,日本の三大ファッションデザイナーは誰ですか?
,シャネル デザイナー 日本人,シャネルセール,コレクション,,マチュー ブレイジー シャネル,ディオールのデザイナーで日本人は?
,シャネル デザイナー 後任,シャネルズ トゥナイト,フランス,,マチュー ブレイジー 経歴,ヴィルジニー・ヴィアールの経歴は?
,シャネル デザイナー 変わる,シャネル デザイナー 歴代,モード,,マチュー ブレイジー インスタ,シャネルのデザイナーの後任は誰ですか?
,シャネル 現在 の デザイナー,シャネル 販売員,素材,,シャネル デザイナー 後任,chanelのデザイナーは2025年に誰になりますか?
,シャネル デザイナー 2024,シャネル風ネイル,デザイン,,マチュー ブレイジー,デザイナーの年収が高い企業はどこですか?
,シャネル デザイナー 今,シャネルズ め組のひと,イメージ,,マチュー ブレイジー ボッテガ,chanelの本社の年収はいくらですか?
,シャネル オートクチュール デザイナー,ワシャワシャ,バッグ,,chanel マチュー コレクション,デザイナーの年収はいくらですか?
,シャネル デザイナー クロムハーツ,シャネル デザイナー 現在,CHANEL,,chanel マチュー いつから,シャネルの正社員の年収は?
,シャネル オート クチュール デザイナー,シャネルさん,時間,,マチュー ボッテガ,小松菜奈がシャネルのアンバサダーになったのはいつから?
,シャネル 新 デザイナー コレクション,シャネル創始者,ココ・シャネル,,Chanel マチュー いつから,シャネル値上げ 2025いつから?
,シャネル コスメ デザイナー,シャネル デザイナー 2025,販売,,CHANEL デザイナー,シャネルは何歳向けのブランドですか?
,シャネル コレクション デザイナー,シャネル リメイク,当時,,マ チューブ レイジー シャネル,エディ・スリマンはどこのデザイナーですか?
,ココ シャネル デザイナー,シャネル デザイナー 日本 人,注目,,CHANEL デザイナー 現在,エディ・スリマンはなぜ退任したのですか?
,シャネル デザイナー 死亡,ユリシャ,マチュー,,シャネル コレクション 2025,エディ・スリマンは今何をしているの?
,シャネル デザイナー 死去,シャネルヘインズ,ブレイジー,,ヴィルジニー ヴィアール 退任 理由,シャネルの2025年のデザイナーは誰ですか?
,シャネル 新 デザイナー,シャネル デザイナー 後任,メゾン,,ヴィルジニー ヴィアール インスタ,ボッテガのデザイナーは誰ですか?
,シャネル の 新 デザイナー,シャネル デザイナー 日本人,アーティスティック,,エディ スリマン 現在,シャネルのマトラッセの20年前の定価はいくらでしたか?
,セリーヌ デザイナー シャネル,シャネル デザイナー交代,後任,,エディ スリマン シャネル,
,シャネル デザイナー 退任,ココシャネル デザイナー,帽子,,エディ スリマン 私服,
,シャネル デザイナー 変わっ た,シャネル田端,アイテム,,エディ スリマン 次のブランド,
,シャネル チーフ デザイナー,シャネル デザイナー カール,ドレス,,エディ スリマン 結婚,
,シャネル 次 の デザイナー,シャネル デザイナー マチュー,人気,,エディ スリマン 代表作,
,シャネル デザイナー に なるには,シャネル本人,年間,,エディ スリマン ディオール,
,シャネル の デザイナー に なるには,シャネル 買い物,カラー,,エディ スリマン ブランド,
,シャネル デザイナー 年収,ザシャネル,男性,,,
,シャネル デザイナー 猫,シャネル デザイナー 猫,パリ,,,
,シャネル の デザイナー,シャネル デザイナー エディ,ボッテガ・ヴェネタ,,,
,シャネル 今 の デザイナー,シャネルワールド,歴代,,,
,シャネル の デザイナー は 誰,ロシャス パリ,ガブリエル,,,
,シャネル の 新しい デザイナー,シャネル デザイナー 退任,キャリア,,,
,シャネル の 元 デザイナー,シャネル デザイナー 2024,香水,,,
,フランスのデザイナーシャネル,シャネル 元 デザイナー,春夏コレクション,,,
,シャネル デザイナー クロム ハーツ,ボーイシャネル デザイナー,名前,,,
,シャネル の デザイナー は,ファッション デザイナー ココ シャネル,公開,,,
,シャネル デザイナー 日本 人,シャネル オート クチュール デザイナー,ツイード,,,
,シャネル 新 デザイナー 評価,シャネル 写真家,ビューティ,,,
,シャネル デザイナー 不在,シャネル よちか,買取,,,
,シャネル ファイン ジュエリー デザイナー,フランス の デザイナー シャネル,ドル,,,
,ファッション デザイナー シャネル,ヌメロアンドゥシャネル ワークショップ,No.,,,
,フェンディ シャネル デザイナー,シャネル ミカ,選択,,,
,シャネル デザイナー 変更,シャネル ファッションデザイナー,,,,
,シャネル メンズ デザイナー,セリーヌ シャネル デザイナー,,,,
,シャネル 元 デザイナー,リヨン シャネル,,,,
,シャネル 現 デザイナー,シャネル コスメ デザイナー,,,,
,シャネル 次期 デザイナー,シャネルはスタイル,,,,
,シャネル ジュエリー デザイナー,リズシャネル,,,,
,シャネル デザイナー 誰,シャネル 新 デザイナー 評価,,,,
,シャネル デザイナー 男性,シャネル 社長 夫人,,,,
,シャネル デザイナー ブランド,社長 レオス,,,,
,ボッテガ デザイナー シャネル,セリーヌ デザイナー シャネル,,,,
,シャネル デザイナー ボッテガ,シャネル スタイリスト,,,,
,シャネル新デザイナーバッグ,シャネル 起業家,,,,
,シャネル バッグ デザイナー,シャネルズwiki,,,,
,シャネル デザイナー 歴史,シャネルはな,,,,
,シャネル ロゴ デザイナー,シャネル デザイナー変更,,,,
,シャネル デザイナー ヴィルジニー,デザイナー リカルド,,,,
,シャネル 有名 デザイナー,シャネル デザイナー ヴィルジニー,,,,
,,シャネル 東出,,,,
,,シャネル デザイナー 誰,,,,
,,シャネル 有名 デザイナー,,,,
,,#ネルシカ,,,,
,,シャネル マネキン,,,,
,,シャネル設計スタジオ,,,,
,,シャネル デザイナー 今,,,,
,,シャネル メンズ デザイナー,,,,
,,シャネル すだなな,,,,
,,ファネルデザイナー,,,,
,,シャネル 今 の デザイナー,,,,
,,シャネル の 新 デザイナー,,,,
,,シャネルとモダンデザイン,,,,
,,シャネル手提げ,,,,
,,シャネル 新 デザイナー いつから,,,,
,,シャネル すだ,,,,
,,デザイナー chanel,,,,
,,シャネル 時計 デザイナー,,,,
,,シャネル デザイナー 男性,,,,
,,シャネル デザイナー 交代,,,,
,,ココ・シャネル アメリカ,,,,
,,ココシャネルのモデル,,,,
,,シャネルクマ,,,,
,,シャネル 新 デザイナー バッグ,,,,
,,シャネル ヒロイン,,,,
,,シャネル デザイナー クロム ハーツ,,,,
,,シャネル ロゴ デザイナー,,,,
,,モデル社 社長,,,,
,,シャネル デザイナーになるには,,,,
,,シャネル デザイナー 変わった,,,,
,,シャネルデザイン特徴,,,,
,,デザイナー社長,,,,
,,シャネル トップ デザイナー,,,,
,,シャネル 紗栄子,,,,
,,シャネル日本人,,,,
,,マネルデザイン,,,,
,,シャネル デザイナー 死亡,,,,
,,シャネルズ イラスト,,,,
,,シャネル クチュリエ,,,,
,,ホ社長,,,,
,,しシャネル,,,,
,,シャネル デザイナー 歴史,,,,
,,シャネル バッグ デザイナー,,,,
,,シャネル ケバい,,,,
,,ココ・シャネル モデル,,,,
,,シャネル創立者,,,,
,,シャネルのデザイン,,,,
,,シャネル 手,,,,
,,シャネル 現在 の デザイナー,,,,
,,シャネル りら,,,,
,,シャネル アーティスティックディレクター,,,,
,,シャネル 新 デザイナー,,,,
,,シャネル 新しい デザイナー,,,,
,,ファッション デザイナー シャネル,,,,
,,シャネル の デザイナー に なるには,,,,
,,おシャネル,,,,
,,シャネルメイドイン,,,,
,,シャネル の 元 デザイナー,,,,
,,シャネル デザイナー 変更,,,,
,,シャネル 夜職,,,,
,,シャネルの本名,,,,
,,シャネル ひな,,,,
,,シャネル マトラッセ デザイナー,,,,
,,シャネル 次期 デザイナー,,,,
,,オシャレな社長,,,,
,,シャネル なりきり,,,,
,,シャネル デザイナー 年収,,,,
,,ロザノシャネル,,,,
,,ヌメロアン・ドゥ・シャネル,,,,
,,シャネルらしさ,,,,
,,アーシャルデザイン メンバー,,,,
,,シャネル デザイナー クロムハーツ,,,,
,,ロシャ ブランド,,,,
,,シャネル ジュエリー デザイナー,,,,
,,シャネル の 新しい デザイナー,,,,
,,シャネルのデザイナーは誰,,,,
,,シャネル アナ,,,,
,,セザールシャネル,,,,
,,シャネル の デザイナー は 誰,,,,
,,ヒカル シャネル,,,,
,,シャネル の デザイナー は,,,,
,,シャネル デザイナー変わった,,,,
,,シャネル デザイナー 変わる,,,,
,,シャネル モダニズム,,,,
,,シャネルモナコ,,,,
,,ケネスイズ,,,,
,,シャネルセレブ,,,,
,,ココ シャネル デザイナー,,,,
,,シャネル ヘッドデザイナー,,,,
,,シャネル さとね,,,,
,,シャネル コレクション デザイナー,,,,
,,シャネル デザイナー に なるには,,,,
,,シャネルコレクション,,,,
,,シャネル デザイナー 初代,,,,
,,シャネル デザイナー 変わっ た,,,,
,,シャネル の デザイナー,,,,
,,シャネル 前 デザイナー,,,,
,,シャネル 新 デザイナー コレクション,,,,
,,シャネル チーフ デザイナー,,,,
,,チェシャ猫 デザイン,,,,
,,シャネル・ハワード,,,,
,,アートシャネル,,,,
,,シャネル すごい,,,,
,,シャネル 吉田和子,,,,
,,ミズシャネル,,,,
,,シャネル デザイナー ボッテガ,,,,
,,シャネル デザイナー 女性,,,,
,,シャネルズ田代,,,,
,,シャネル クリエイター,,,,
,,シャネルユイル,,,,
,,シャネル 次 の デザイナー,,,,
,,おしゃれ社長,,,,
,,ヌメロ シャネル モデル,,,,
,,シャネル みつこ,,,,
,,シャネル・エ・モワ,,,,
,,デザイナー社長 ゆっさん,,,,
,,ロシャスデザイナー,,,,
,,シャネル 遺産,,,,
,,シャネルモデルユーチューバー,,,,
,,おシャネル様,,,,
,,シャネル デザイナー ブランド,,,,
,,シャネル デザイナー 一覧,,,,
,,シャネル 25 デザイナー,,,,
,,むネちラ アパレル,,,,