,,ラッコツール→,https://related-keywords.com/,,,,,,,,,,,,,,,
,対策KW,,,,"💡このシートの用途：競合見出しを洗い出して、自社で作る見出しの網羅性を担保するため。
構成作成において、「競合にあって自社にないトピック」が出ないようにすることが目的です。",,,,,,,,,,,,,
,順位,1位,2位,3位,4位,5位,6位,7位,8位,9位,10位,,,,,,,
,title,"昭和39年銘「1964年東京オリンピック記念1,000円銀貨幣」の買取価格は？｜骨董品に関するコラム【骨董・古美術-日晃堂】",Yahoo!オークション -「昭和39年 1000円」の落札相場・落札価格,東京オリンピック記念1000円硬貨（1964年）の買取価格 | 古銭買取専門店アンティーリンク,"東京オリンピック記念 銀合金の中古価格は12,105円｜記念硬貨の新品・中古の価格相場・買取価格",【楽天市場】東京オリンピック 1000円銀貨 昭和39年の通販,【記念硬貨】昭和39年（1964年）東京オリンピック記念1000円銀貨幣の買取価格・特徴｜古銭/記念硬貨買取【買取福ちゃん】 FUKUCHAN,"1964年 東京オリンピック記念 1,000円銀貨幣 - 金貨買取本舗の買取価格｜金貨買取本舗",昭和39年銘「1964年東京オリンピック記念100円銀貨幣」の買取価格はいくら？｜骨董品に関するコラム【骨董・古美術-日晃堂】,1964 東京オリンピック 1000円銀貨の買取実績 | 買取専門店さすがや,メルカリ,Yahoo!オークション -「1964 東京オリンピック 1000円」の落札相場・落札価格,1964年 昭和39年発行 東京オリンピック1000円銀貨お売りください！！1枚2000円でお買取りします！！福島会津若松・喜多方で銀貨売るならマルコウへ！！｜その他/｜宝石・貴金属・時計・ブランド品の高価買取ならマルコウ質店,"造幣局  :  東京オリンピック記念1,000円銀貨幣",東京オリンピック　1964/昭和39年 - ★寺島コイン（通信販売）☆Terashimacoin online shop☆,昭和39年 1964年 東京オリンピック 1000円 記念銀貨 – キングラム,過去に発行された記念貨幣は、現在でもお金として使えますか : 財務省,【記念硬貨】1964年東京オリンピック記念100円銀貨幣の買取価格や価値｜古銭/記念硬貨買取【買取福ちゃん】 FUKUCHAN
,description,,"「昭和39年 1000円」関連の新品・未使用品・中古品の過去120日分の落札相場をYahoo!オークションで確認できます。約3,732件の落札価格は平均22,748円です。Yahoo!オークションは、誰でもかんたんに売り買いが楽しめるサービスです。",東京オリンピック記念1000円硬貨は、美しいデザインと歴史的価値から今も人気の高い記念硬貨です。現在その価値は地金価格を大きく超えています。この記事では、その買取価格相場や高く売るコツを詳しく解説します。【重要】価値が全...,当サイトでは、オークション（Yahoo!オークション）の取引データから東京オリンピック記念 銀合金の新品・中古の落札相場・平均価格を調査できます。人気の東京オリンピック記念 銀合金の新品・中古の買取やトレードの際、値段の参考にお使いください。,楽天市場-「東京オリンピック 1000円銀貨 昭和39年」16件 人気の商品を価格比較・ランキング･レビュー・口コミで検討できます。ご購入でポイント取得がお得。セール商品・送料無料商品も多数。「あす楽」なら翌日お届けも可能です。,1964年（昭和39年）に東京オリンピックが開催された際、「東京オリンピック記念1000円銀貨幣」という記念硬貨が発行されました。特徴や現在の買取価格などを紹介しています。,この記念硬貨がコイン収集ブームのきっかけとなった。その人気は過熱して、一時2万円を超える高値が付けられることもあったが、税法改正で課税対象になり急落。次第にコイン収集する方も減り買取価格も下落してブーム終了。現在では発行枚数も多く、希少価値もないため高値取引はなくなった。,,"1964 東京オリンピック 1000円銀貨の買取実績です。さすがやままともプラザ町田店にて12,800円でのお買取となりました。さすがやでは2026年02月09日現在、金・プラチナ製品を高価買取しております。壊れていても全く問題ありません！是非無料査定をお試しください。",,"「1964 東京オリンピック 1000円」関連の新品・未使用品・中古品の過去120日分の落札相場をYahoo!オークションで確認できます。約3,600件の落札価格は平均23,298円です。Yahoo!オークションは、誰でもかんたんに売り買いが楽しめるサービスです。",金・プラチナ、ダイヤモンド、色石・宝石、ブランドジュエリー、時計、バッグ、財布、小物、金券・商品券…etc。マルコウ質店の買取価格（実績）をご紹介。,,,,財務省FAQのうち、通貨に関する個別の問答です,1964年東京オリンピック記念100円銀貨幣は、昭和39年に開催された東京オリンピックを記念して作られた硬貨です。買取価格や現在の価値について解説しています。
,url,https://nikkoudou-kottou.com/blog/kosen/22332,https://auctions.yahoo.co.jp/closedsearch/closedsearch/%E6%98%AD%E5%92%8C39%E5%B9%B4%201000%E5%86%86/0/,https://antylink.jp/buyinglist/10707/,https://coin.aucfan.com/search/olympic/%E6%9D%B1%E4%BA%AC%E3%82%AA%E3%83%AA%E3%83%B3%E3%83%94%E3%83%83%E3%82%AF%E8%A8%98%E5%BF%B5_%E9%8A%80%E5%90%88%E9%87%91/,https://search.rakuten.co.jp/search/mall/%E6%9D%B1%E4%BA%AC%E3%82%AA%E3%83%AA%E3%83%B3%E3%83%94%E3%83%83%E3%82%AF+1000%E5%86%86%E9%8A%80%E8%B2%A8+%E6%98%AD%E5%92%8C39%E5%B9%B4/,https://www.fuku-chan.info/column/kosen/27001/,https://www.politicalstaples.com/coin/silver/tokyo-olympic1964_silver/tokyo-olympic1964_1000/,https://nikkoudou-kottou.com/blog/kosen/22351,https://sasugaya.jp/item/anniversary-coin/95457/,https://jp.mercari.com/s/672136,https://auctions.yahoo.co.jp/closedsearch/closedsearch/1964%20%E6%9D%B1%E4%BA%AC%E3%82%AA%E3%83%AA%E3%83%B3%E3%83%94%E3%83%83%E3%82%AF%201000%E5%86%86/0/,https://www.marukou78.com/item13682/,https://www.mint.go.jp/popup/data_kinen_page01.html,https://shop.terashimacoin.com/?mode=grp&gid=2113301,https://kingram.jp/jisseki/saga-sunrisestreet/103529/,https://www.mof.go.jp/faq/currency/07ai.htm,https://www.fuku-chan.info/column/kosen/27119/
,headline count,24,54,23,65,23,9,18,25,9,0,54,11,1,0,16,1,14
,word count,8778,8030,8675,6015,7516,6262,4942,8776,3018,633,8084,1397,129,7464,1799,1120,6564
,headline,"h1:昭和39年銘「1964年東京オリンピック記念1,000円銀貨幣」の買取価格は？",h1:「昭和39年 1000円」の商品一覧（終了180日分）,h1:東京オリンピック記念1000円硬貨（1964年）の買取価格,h1:東京オリンピック記念 銀合金,h4:最強翌日配送 対象商品,h1:【記念硬貨】昭和39年（1964年）東京オリンピック記念1000円銀貨幣の買取価格・特徴,"h1:1964年 東京オリンピック記念 1,000円銀貨幣の買取価格",h1:昭和39年銘「1964年東京オリンピック記念100円銀貨幣」の買取価格はいくら？,h1:1964 東京オリンピック 1000円銀貨の買取実績,,h1:「1964 東京オリンピック 1000円」の商品一覧（終了180日分）,h1:マルコウ質店 Regalo,"h1:東京オリンピック記念1,000円銀貨幣",,h2:佐賀サンライズストリート店,h1:過去に発行された記念貨幣は、現在でもお金として使えますか,h1:【記念硬貨】1964年東京オリンピック記念100円銀貨幣の買取価格や価値
,,h2:読まれています,"h2:過去180日間に落札された昭和39年 1000円の商品　3,732件",h2:東京オリンピック記念1000円硬貨（1964年）の今日の買取価格,h2:「東京オリンピック記念 銀合金」の詳細情報,h2:[PR] 造幣局発行 東京2020 オリンピック パラリンピック 競技大会 記念貨幣 『 全37種 コンプリートボックスセット 』 1万円金貨 千円銀貨 500円記念貨 100円記念貨 ギフト プレゼント 通販 販売,h2:東京オリンピック記念1000円銀貨幣とは？種類や特徴,h2:今すぐ無料でLINE査定！,h2:読まれています,h2:その他の記念コイン・メダルの買取実績,,"h2:過去180日間に落札された1964 東京オリンピック 1000円の商品　3,600件",h1:買取価格(実績),,,h3:買取実績,,h2:1964年東京オリンピック記念100円銀貨幣とは？
,,"h2:1964年東京オリンピック記念1,000円銀貨幣について",h2:すべてのオークション,h2:東京オリンピック記念1000円硬貨（1964年）の買取価格推移,h2:「東京オリンピック記念 銀合金」の統計グラフ,h2:[PR] 東京五輪 1000円銀貨 昭和39年(1964年) MS64 完全未使用 オリンピック記念銀貨 千円銀貨,h3:1964年（昭和39年）の東京オリンピック記念1000円銀貨幣,"h2:1964年 東京オリンピック記念 1,000円銀貨幣について",h2:1964年東京オリンピック記念100円銀貨幣について,h3:2月9日の金相場,,h2:すべてのオークション,h2:その他,,,h4:昭和39年 1964年 東京オリンピック 1000円 記念銀貨,,h2:1964年東京オリンピック記念100円銀貨幣の買取価格
,,h3:特徴,h3:1964年 昭和39年 東京オリンピック銀貨1000円,h2:サイズ/重さ/品位,h2:商品状態別の売買状況,h2:[PR] 東京五輪 1000円銀貨 昭和39年(1964年) UNC 未使用 オリンピック記念銀貨 千円銀貨,h3:2020年（令和2年）の東京オリンピック競技大会記念1000円銀貨幣,"h2:1964年 東京オリンピック記念 1,000円銀貨幣の買取なら金貨買取本舗",h3:特徴,h3:2月9日のプラチナ相場,,h3:1964年 昭和39年 東京オリンピック銀貨1000円,h2:1964年 昭和39年発行 東京オリンピック1000円銀貨お売りください！！1枚2000円でお買取りします！！福島会津若松・喜多方で銀貨売るならマルコウへ！！,,,h4:キングラムよりコメント,,h2:その他東京オリンピック記念貨幣
,,h3:発行経緯,h3:12枚まとめ売り　東京オリンピック1000円銀貨 記念硬貨 千円銀貨 1964年 昭和39年,h2:【重要】価値が全く違う！1964年と2020年の1000円銀貨,h2:東京オリンピック記念 銀合金のオークション落札相場,h2:中古[PR] 昭和39年 東京オリンピック 1000円銀貨 TOKYO 並品 記念貨幣 記念硬貨 記念銀貨 1964年 【中古】(69924),h3:2020年（令和2年）の東京パラリンピック競技大会記念1000円銀貨幣,h2:査定のお申し込みはお気軽に,h3:発行経緯,h3:選べる買取方法,,h3:12枚まとめ売り　東京オリンピック1000円銀貨 記念硬貨 千円銀貨 1964年 昭和39年,h4:買取り価格,,,h4:■ランクの状態,,h3:1964年東京オリンピック記念1000円銀貨幣
,,h2:古銭買取なら、日晃堂にお任せください。,h3:16枚まとめ売り　東京オリンピック1000円銀貨 記念硬貨 千円銀貨 1964年 昭和39年,h2:1964年オリンピック1000円硬貨の価値,h3:★a-106 千円銀貨 1964年 東京オリンピック 記念硬貨 銀貨 東京オリンピック記念 レトロ コレクション 送料185円,h2:中古【送料無料】東京オリンピック　1000円銀貨　昭和39年1964）　東京五輪　並品,h2:【1964年（昭和39年）発行】東京オリンピック記念1000円銀貨幣の買取価格,h2:選べる3つの買取方法,h3:今も使えるの？,h3:買取品目一覧,,h3:16枚まとめ売り　東京オリンピック1000円銀貨 記念硬貨 千円銀貨 1964年 昭和39年,h4:アイテム説明,,,h4:■買取価格について,,h3:2020年東京オリンピック競技大会記念1000円銀貨幣
,,"h2:1964年東京オリンピック記念1,000円銀貨幣の買取価格",h3:7枚まとめ売り　東京オリンピック1000円銀貨 記念硬貨 千円銀貨 1964年 昭和39年 a,h3:10年で35倍！狂乱のコインバブル期,h3:1円〜③【送料230円】1000円銀貨 記念硬貨 1964年 昭和39年 東京オリンピック記念 銀貨 硬貨 ケース入り 約20g #⑤87,h2:東京五輪 1000円銀貨 昭和39年(1964年) オリンピック記念銀貨 【極美品～美品】 千円銀貨,h2:1964年（昭和39年）の東京オリンピック記念銀貨は100円銀貨もある,h3:店頭買取,h2:古銭買取なら、日晃堂にお任せください。,h3:遺品整理士在籍,,h3:1964年東京オリンピック1000円銀貨　１枚　キレイです　保管品　写真,h3:その他の買取実績,,,h2:買取ならキングラム！,,h3:2020年東京パラリンピック競技大会記念1000円銀貨幣
,,h3:買取相場,h3:東京オリンピック 記念硬貨 1000円銀貨 100円銀貨 セット 昭和39年 1964年 貨幣 1000円銀貨925 20g【銀925】1円スタート,h3:コインの価値を決める３つの要素,h3:1964 東京オリンピック記念銀貨 1000円 銀貨 記念硬貨,h2:1000円銀貨 昭和39年(1964年) 【未使用】 オリンピック 記念銀貨 記念硬貨 日本古銭 千円銀貨 東京五輪,h2:1964年（昭和39年）の東京オリンピック記念1000円銀貨幣には偽物がある？,h3:宅配買取,h2:1964年東京オリンピック記念100円銀貨幣の買取価格,h3:販売店,,h3:7枚まとめ売り　東京オリンピック1000円銀貨 記念硬貨 千円銀貨 1964年 昭和39年 a,h4:旧100円硬貨 銀貨 お売りください！！ 稲穂･鳳凰・オリンピック柄が目印です！！1枚300円以上で買取可能！！会津若松で古銭売るならマルコウ！！,,,h3:出張買取,,h2:1964年東京オリンピック記念100円銀貨幣以外で注目の100円銀貨
,,h3:高額になりにくい理由,h3:★コレクター必見！！ 昭和39年 1964年 東京五輪 オリンピック 記念 1000円/100円 銀貨 2枚セット 未洗浄 当時物 硬貨 古銭 現状品 IK665,h3:価値が十分の一以下に大暴落 ３つの理由,h3:1円〜④【送料230円】1000円銀貨 記念硬貨 1964年 昭和39年 東京オリンピック記念 銀貨 硬貨 ケース入り 約20g #⑤100,h2:昭和39年(1964) 東京オリンピック記念貨幣 東京五輪　1000円銀貨　未使用,h2:1964年の東京オリンピック記念1000円銀貨幣の買取は福ちゃんへ,h3:出張買取,h3:買取相場,h3:採用情報,,h3:東京オリンピック 記念硬貨 1000円銀貨 100円銀貨 セット 昭和39年 1964年 貨幣 1000円銀貨925 20g【銀925】1円スタート,h4:お家に眠ったままの昔の100円硬貨 銀貨をお売りください！！１枚300円以上で買取ます！！福島会津若松・喜多方で古銭売るならマルコウ！！,,,h3:宅配買取,,h3:鳳凰100円銀貨
,,"h2:高額買取されやすい1964年東京オリンピック記念1,000円銀貨幣",h3:昭和39年 東京オリンピック 1000円銀貨、１００円銀貨　2枚セット　 東京五輪,h3:暴落から50年…銀貨の現在の価値と売り方,h3:ケース入未使用　1000円銀貨　東京オリンピック記念銀貨　昭和39年 千円銀貨 コレクター品 五輪,h2:1964　昭和39年 東京オリンピック記念　東京五輪　1000円銀貨　未使用,,"h2:1964年 東京オリンピック記念 1,000円銀貨幣の買取で｢金貨買取本舗｣が選ばれるのはなぜか？",h3:額面以上になるがプレミアはつきにくい,,,h3:★コレクター必見！！ 昭和39年 1964年 東京五輪 オリンピック 記念 1000円/100円 銀貨 2枚セット 未洗浄 当時物 硬貨 古銭 現状品 IK665,h4:マルコウでは、様々なジャンルの商品をお買取りしております！！査定は無料！！お気軽にお問い合わせください！！,,,h3:LINE査定,,h3:稲100円銀貨
,,h3:状態が良好,h3:★日終 【PCGS MS67】1964 昭和39年 日本 1000円銀貨 東京オリンピック 完全未使用 //世界コイン 古銭 貨幣 硬貨 銀貨5【決済期限火曜日】,h3:現金として使うのは難しい1000円銀貨,h3:1円～スタート 銀貨 硬貨　日本古銭　コイン「日本 (昭和39年）1964年東京オリンピック記念1000円銀貨」富士山 桜 硬貨 貨幣 lot:20121,h2:中古昭和39年 東京オリンピック記念1000円銀貨幣 1964年（プラケース入り） 千円 銀貨 記念コイン 記念硬貨,,h3:限界ギリギリの高額買取,h2:高額買取されやすい1964年東京オリンピック記念100円銀貨幣,,,h3:★日終 【PCGS MS67】1964 昭和39年 日本 1000円銀貨 東京オリンピック 完全未使用 //世界コイン 古銭 貨幣 硬貨 銀貨5【決済期限火曜日】,h3:買取価格(実績),,,h2:お近くの店舗を探す,,h2:1964年東京オリンピック記念100円銀貨幣Q＆A
,,h3:ケースに入っている,h3:【9185M】銀貨SV925/20g/昭和39年東京オリンピック1000円銀貨,h2:【昭和39年製】1964年東京オリンピック記念1000円銀貨とは？,h3:★a-105　1964年 東京オリンピック 記念硬貨 千円銀貨 銀貨 東京オリンピック記念 レトロ コレクション 20ｇ,h2:中古昭和39年 東京オリンピック 1000円銀貨 TOKYO 並品 記念貨幣 記念硬貨 記念銀貨 1964年 【中古】(69924),,h3:薄利多買で運営,h3:純正ケース入り,,,h3:美品 1964年 東京オリンピック 東京五輪記念 1000円銀貨 昭和39年 古銭 旧貨幣 記念硬貨,,,,h2:買取アイテム,,h3:記念硬貨だけど現金として使える？
,,h3:オリンピック100円銀貨とセット,h3:【8410M】銀貨SV925/20g/昭和39年東京オリンピック1000円銀貨,h3:デザイン,h3:FN18227i【1000円スタート!!】 1964年 昭和39年 東京オリンピック記念銀貨 銀貨 記念コイン,h2:中古※送料無料※ 東京五輪記念1000円銀貨 昭和39年 1964年 □8A,,h3:超高額でも現金買取,h3:状態が良好,,,h3:Ω希少品！【1964年 昭和39年 TOKYO 東京オリンピック 1000円 100円 記念銀貨 硬貨 コイン コレクション ヴィンテージ】NA05292,,,,h2:買取実績,,h3:高額買取してもらうには？
,,"h2:1964年東京オリンピック記念1,000円銀貨幣を売る際の注意点",h3:美品 1964年 東京オリンピック 東京五輪記念 1000円銀貨 昭和39年 古銭 旧貨幣 記念硬貨,h4:刻印,h3:Y1251 東京オリンピック記念100円銀貨 　 昭和39年 （西暦 1964年）長期保管未使用,h2:東京五輪 1000円銀貨 昭和39年(1964年) UNC 未使用 オリンピック記念銀貨 千円銀貨,,h3:専門鑑定士がすばやく丁寧に査定,h3:エラーコイン,,,h3:1円〜③【送料230円】1000円銀貨 記念硬貨 1964年 昭和39年 東京オリンピック記念 銀貨 硬貨 ケース入り 約20g #⑤87,,,,h2:店舗を探す,,h2:1964年東京オリンピック記念100円銀貨幣の買取は福ちゃんへ
,,h3:フリマアプリは出品NGの場合あり,h3:Ω希少品！【1964年 昭和39年 TOKYO 東京オリンピック 1000円 100円 記念銀貨 硬貨 コイン コレクション ヴィンテージ】NA05292,h3:重さ/品位/発行年,h3:【大黒屋】1964 昭和39年 TOKYO 東京オリンピック記念 1000円硬貨,h2:東京五輪 1000円銀貨 昭和39年(1964年) MS64 完全未使用 オリンピック記念銀貨 千円銀貨,,h3:アクセスしやすい全店駅近で店舗展開,h2:1964年東京オリンピック記念100円銀貨幣をなるべく高く買い取ってもらうには,,,h3:1964 東京オリンピック記念銀貨 1000円 銀貨 記念硬貨,,,,h2:その他のリンク,,
,,h3:銀行での換金は額面通りにしかならない,h3:1円〜③【送料230円】1000円銀貨 記念硬貨 1964年 昭和39年 東京オリンピック記念 銀貨 硬貨 ケース入り 約20g #⑤87,h2:1964年東京オリンピック1000円銀貨はいくらで売れる？,h3:【美品】東京オリンピック記念硬貨 1964年（昭和39年）銀貨1000円・100円／EXPO85 つくば万博 500円 1985年（昭和60年）国際科学技術博覧会,h2:1964　昭和39年 東京オリンピック 東京五輪　1000円銀貨　PCGS【MS65】,,h2:お客様の疑問やご不明点にお答えします,h3:保存状態に注意する,,,h3:1円〜④【送料230円】1000円銀貨 記念硬貨 1964年 昭和39年 東京オリンピック記念 銀貨 硬貨 ケース入り 約20g #⑤100,,,,h2:キングラムの系列事業,,
,,h3:実績が高い古銭買取業者を選定,h3:1円〜④【送料230円】1000円銀貨 記念硬貨 1964年 昭和39年 東京オリンピック記念 銀貨 硬貨 ケース入り 約20g #⑤100,h3:プルーフ貨幣に注意,h3:東京オリンピック記念硬貨　1964年　昭和39年　EXPO75 沖縄　昭和50年　記念硬貨　100円　当時物　レトロ　アンティーク 額面スタート,h2:NGC UNC 東京オリンピック 1000円銀貨 昭和39年11月,,h3:1964年東京オリンピックについてや買取に関する事など、なんでもお気軽にお問い合わせください！,h3:他の古銭や記念硬貨と一緒に買い取ってもらう,,,h3:美品 1964年 東京オリンピック 東京五輪記念 1000円銀貨 昭和39年 古銭 旧貨幣 記念硬貨 コレクション 保管品,,,,,,
,,h2:おわりに,h3:ケース入未使用　1000円銀貨　東京オリンピック記念銀貨　昭和39年 千円銀貨 コレクター品 五輪,h2:東京オリンピック1000円銀貨の買取実績,h3:旧100円銀貨 5000円硬貨 稲穂 東京オリンピック記念100円銀貨 昭和34年 38年 昭和39年 41年 平成2年 OSAKA EXPO'90 コイン 古銭 硬貨 現状,h2:東京オリンピック記念メダル昭和39年(1964)オリンピック東京大会記念日本造幣局製,,h2:総合ダイヤル・共通メールフォームからお問い合わせください,h3:古銭買取に強い買取業者を選択する,,,h3:◆日本　硬貨　貨幣　銀貨　計5枚◆1964年　東京オリンピック記念100円・1000円　稲100円◆B5,,,,,,
,,h2:古銭買取なら、日晃堂にお任せください。,h3:美品 1964年 東京オリンピック 東京五輪記念 1000円銀貨 昭和39年 古銭 旧貨幣 記念硬貨 コレクション 保管品,h3:東京オリンピック1000円銀貨　千葉県船橋市,h3:#1964 #昭和39年 #東京オリンピック記念 #100円銀貨 保護カプセル 入/予備付 #東京五輪 #百円銀貨#記念硬貨#viproomtokyo #百円銀貨,h2:東京 2020 オリンピック ハンドオーバー 1000 円 999 銀貨 グレード PF70 By NGC,,,h2:おわりに,,,h3:【O1】東京オリンピック 1964年 昭和39年 1000円銀貨 千円 記念硬貨,,,,,,
,,h3: 関連記事,h3:【O1】東京オリンピック 1964年 昭和39年 1000円銀貨 千円 記念硬貨,h3:東京オリンピック1000円銀貨 1枚[青森県八戸市],h3:東京オリンピック記念硬貨100円 昭和39年　1964年,h2:『 昭和コインアルバム 』 199枚収録済 100円銀貨 御在位 記念貨幣 通常硬貨 金貨 銀貨 古銭 通販 販売,,,h2:古銭買取なら、日晃堂にお任せください。,,,h3:★a-117　 東京オリンピック 昭和39年 1964年 1000円 千円 硬貨 コレクション 約20ｇ,,,,,,
,,h3:カテゴリーから記事を探す,h3:★a-117　 東京オリンピック 昭和39年 1964年 1000円 千円 硬貨 コレクション 約20ｇ,h3:東京オリンピック1000円銀貨 2個（東京都港区）,h3:東京オリンピック記念コイン1000円銀貨 東京オリンピック100円 鳳凰 100円 稲穂 総重量約67g アンティーク硬貨 古銭【ZJ-05/ZJ-06】,h2:本物 美品 『 日本貨幣史アルバム 』 95枚収蔵 コイン アルバム オリンピック記念 貨幣 古銭 渡来銭 銀貨 コインホルダー付き 通販 販売 プレゼント,,,h3: 関連記事,,,h3:【昭和レトロ】「東京オリンピック 1000円 硬貨6枚組」 昭和39年 1964年 記念硬貨 日本銀貨 C29,,,,,,
,,h2:古銭買取についてのご相談・ご依頼はコチラ,h3:【昭和レトロ】「東京オリンピック 1000円 硬貨6枚組」 昭和39年 1964年 記念硬貨 日本銀貨 C29,h2:東京オリンピック1000円硬貨のよくある質問,h3:★記念硬貨 [ 東京オリンピック記念 100円 銀貨 1枚 ] 昭和39年発行 1964年 百円 聖火台,h3:お探しの商品が見つかりませんか?　〜 よくあるご質問 〜,,,h3:カテゴリーから記事を探す,,,h3:M005-J39-786◎ 1964年 東京オリンピック 1000円 銀貨 現状品③◎,,,,,,
,,h2:高い専門性を誇る日晃堂の買取品目,h3:昭和39年 1964年 東京オリンピック 1000円　千円銀貨 4枚額面4000円古銭 記念 硬貨 1000円 千円銀貨,h2:1964年東京オリンピック1000円銀貨の買取なら専門家へ,h3:9554　未使用　極美品　1964年東京オリンピック記念 百円 銀貨,h3:商品の検索でお困りの場合や、探し方について,,,h2:古銭買取についてのご相談・ご依頼はコチラ,,,h3:M003-J39-746◎ 1964年 東京オリンピック 1000円 銀貨 現状品③◎,,,,,,
,,h2:日晃堂の店頭買取,h3:1円～スタート 銀貨 硬貨　日本古銭　コイン「日本 (昭和39年）1964年東京オリンピック記念1000円銀貨」富士山 桜 硬貨 貨幣 lot:20121,,h3:#38425 昭和39年 東京オリンピック記念 1000円 銀貨 記念硬貨 千円銀貨 1964年 重さ約20.0g,,,,h2:高い専門性を誇る日晃堂の買取品目,,,h3:昭和39年 1964年 東京オリンピック 1000円　千円銀貨 4枚額面4000円古銭 記念 硬貨 1000円 千円銀貨,,,,,,
,,,h3:★日終 【PCGS MS65】1964 昭和39年 日本 1000円銀貨 東京オリンピック 完全未使用 //世界コイン 古銭 貨幣 硬貨 銀貨2【決済期限火曜日】,,"h3:B2 ◇未使用◇ 昭和39年 1964年　東京オリンピック記念 1,000円銀貨 ◇記念硬貨◇稀少◇千円銀貨◇コインカプセル入り◇同梱◇",,,,h2:日晃堂の店頭買取,,,h3:1円～スタート 銀貨 硬貨　日本古銭　コイン「日本 (昭和39年）1964年東京オリンピック記念1000円銀貨」富士山 桜 硬貨 貨幣 lot:20121,,,,,,
,,,h3:(完全未使用)東京オリンピック１０００円銀貨 昭和39年 ケース保存 特年 コレクター品 五輪 1,,h3:#39085 昭和39年 東京オリンピック記念 1000円 銀貨 記念硬貨 千円銀貨 1964年 重さ約20.0g,,,,,,,h3:★日終 【PCGS MS65】1964 昭和39年 日本 1000円銀貨 東京オリンピック 完全未使用 //世界コイン 古銭 貨幣 硬貨 銀貨2【決済期限火曜日】,,,,,,
,,,h3:【銀貨28枚】1000円銀貨(昭39) 1枚 ／ 100円銀貨(鳳凰・稲穂) 27枚 昭和32年〜41年 希少年号含む 総重量 約149g,,h3:9539　未使用　1964年 東京オリンピック記念 百円 銀貨,,,,,,,h3:1964年 東京オリンピック 1000円銀貨 昭和39年 記念硬貨 富士山と桜 日本初記念貨幣 シルバー925　20.00g,,,,,,
,,,h3:1964年 東京オリンピック 1000円銀貨 昭和39年 記念硬貨 富士山と桜 日本初記念貨幣 シルバー925　20.00g,,h3:1964年　【昭和39年】 東京オリンピック記念 千円 銀貨 記念硬貨,,,,,,,h3:東京オリンピック　1964年　昭和39年　1000円　銀貨　古銭　記念硬貨　昭和　札幌　昭和47年　100円　硬貨,,,,,,
,,,h3:東京オリンピック　1964年　昭和39年　1000円　銀貨　古銭　記念硬貨　昭和　札幌　昭和47年　100円　硬貨,,h3:東京オリンピック 千円銀貨 記念硬貨 コレクション 東京五輪 東京オリンピック記念 銀貨,,,,,,,h3:【銀貨】 東京オリンピック 1000円銀貨 オリンピック記念 昭和39年 1964年 アンティーク 昭和レトロ コレクション HG260202 ②,,,,,,
,,,h3:【銀貨】 東京オリンピック 1000円銀貨 オリンピック記念 昭和39年 1964年 アンティーク 昭和レトロ コレクション HG260202 ②,,h3:東京オリンピック記念硬貨 千円銀貨 1000円銀貨 1枚 昭和39年 1964年 東京五輪 銀貨 近代 硬貨 古銭 貨幣 Z283998,,,,,,,h3:総80g 1964年 昭和39年 東京オリンピック 東京五輪 記念硬貨 記念銀貨 千円銀貨 銀貨 硬貨 東京オリンピック 古銭 1000円銀貨 アンティーク,,,,,,
,,,h3:総80g 1964年 昭和39年 東京オリンピック 東京五輪 記念硬貨 記念銀貨 千円銀貨 銀貨 硬貨 東京オリンピック 古銭 1000円銀貨 アンティーク,,h3:旧100円銀貨 希少年号昭和36年 39年含む全年号 200枚 鳳凰 稲穂 東京オリンピック記念硬貨,,,,,,,h3:★日終 【PCGS MS67】1964 昭和39年 日本 1000円銀貨 東京オリンピック 完全未使用 //世界コイン 古銭 貨幣 硬貨 銀貨4【決済期限火曜日】,,,,,,
,,,h3:千円銀貨　東京オリンピック　昭和39年　1000円　素人保管品　古い銭,,h3:1円〜 銀貨 東京オリンピック記念100円銀貨(銀60%)/鳳凰50銭(72%)/竜20銭(80%)/鳳凰100円(60%)/旭日竜小型50銭(80%)/稲穂100円(60%) (4-3),,,,,,,h3:東京オリンピック1000円銀貨 銀品位926　昭和39年 1964年 美品,,,,,,
,,,h3:★日終 【PCGS MS67】1964 昭和39年 日本 1000円銀貨 東京オリンピック 完全未使用 //世界コイン 古銭 貨幣 硬貨 銀貨4【決済期限火曜日】,,h3:1964年　東京オリンピック記念1000円銀貨,,,,,,,h3:FN18227i【1000円スタート!!】 1964年 昭和39年 東京オリンピック記念銀貨 銀貨 記念コイン,,,,,,
,,,h3:東京オリンピック1000円銀貨 銀品位926　昭和39年 1964年 美品,,h3:１９６４年(昭和３９年)東京オリンピック記念１０００円銀貨,,,,,,,h3:昭和39年 東京オリンピック記念 1000円 銀貨 記念硬貨 千円銀貨 1964年 3枚,,,,,,
,,,h3:FN18227i【1000円スタート!!】 1964年 昭和39年 東京オリンピック記念銀貨 銀貨 記念コイン,,h3:昭和39年東京オリンピック記念　１０００円コイン,,,,,,,h3:Y1243 1964年東京オリンピック記念1000円銀貨　 銀92.5%、銅7.5%（スターリングシルバー）,,,,,,
,,,h3:昭和39年 東京オリンピック記念 1000円 銀貨 記念硬貨 千円銀貨 1964年 3枚,,h3:昭和39年 東京オリンピック記念 1000円銀貨 1964年 TOKYO 貨幣 硬貨 直径3.5cm 厚さ2.5㎜_JFU_D0122-F007,,,,,,,h3:FN18233Z【1000円スタート!!】 1964年 昭和39年 東京オリンピック記念銀貨 銀貨 記念コイン,,,,,,
,,,h3:FN18233Z【1000円スタート!!】 1964年 昭和39年 東京オリンピック記念銀貨 銀貨 記念コイン,,h3:昭和39年 東京オリンピック記念 1000円銀貨 1964年 直径3.5cm 貨幣 硬貨_JFU_D0122-F006,,,,,,,h3:【7点】1964年東京オリンピック 昭和39年 1000円銀貨 100円銀貨 記念硬貨 アンティーク コレクション まとめ売り 4305-RY,,,,,,
,,,h3:【7点】1964年東京オリンピック 昭和39年 1000円銀貨 100円銀貨 記念硬貨 アンティーク コレクション まとめ売り 4305-RY,,h3:昭和３９年（１９６４年）　東京オリンピック記念　１０００円　銀貨　１００円　銀貨　ケース付き,,,,,,,h3:az2785003/1964年 東京オリンピック 昭和39年 1000円 硬貨 記念硬貨 銀貨 20.4ｇ 千円 コレクション,,,,,,
,,,h3:az2785003/1964年 東京オリンピック 昭和39年 1000円 硬貨 記念硬貨 銀貨 20.4ｇ 千円 コレクション,,h3:1円スタート! 古銭祭 1000円 東京オリンピック 記念硬貨100円玉東京オリンピック記念 稲穂 鳳凰 1964年 銀貨SET 長期保管品 くすみあり,,,,,,,h3:仙17【6枚】 昭和39年 東京オリンピック 1000円 銀貨 まとめ 約119.5g 記念硬貨 1964年 東京五輪 TOKYO 千円 貨幣 硬貨 コイン レトロ,,,,,,
,,,h3:仙17【6枚】 昭和39年 東京オリンピック 1000円 銀貨 まとめ 約119.5g 記念硬貨 1964年 東京五輪 TOKYO 千円 貨幣 硬貨 コイン レトロ,,h3:昭和39年東京オリンピック記念1000円銀貨,,,,,,,h3:仙109 昭和39年 東京オリンピック 1000円 銀貨 約19.86g 記念硬貨 1964年 東京五輪 TOKYO 千円 貨幣 収集 コレクション コイン,,,,,,
,,,h3:仙76【5枚】オリンピック 記念硬貨 約66.4g 昭和39年 東京五輪 1000円銀貨/昭和47年 札幌冬季 100円白銅貨/平成9年 長野冬季 500円白銅貨,,h3:美品　昭和39年東京オリンピック記念銀貨 1枚,,,,,,,h3:【ト足】昭和39年 1964年 東京オリンピック記念 1000円銀貨幣 銀合金 記念硬貨 総重量600グラム 30枚 まとめ CO082CSS44,,,,,,
,,,h3:仙109 昭和39年 東京オリンピック 1000円 銀貨 約19.86g 記念硬貨 1964年 東京五輪 TOKYO 千円 貨幣 収集 コレクション コイン,,h3:メダル・トークン／東京オリンピック記念（造幣局製）（1964年）　260127,,,,,,,h3:★日終 【PCGS MS67】1964 昭和39年 日本 1000円銀貨 東京オリンピック 完全未使用 //世界コイン 古銭 貨幣 硬貨 銀貨3【決済期限火曜日】,,,,,,
,,,h3:【ト足】昭和39年 1964年 東京オリンピック記念 1000円銀貨幣 銀合金 記念硬貨 総重量600グラム 30枚 まとめ CO082CSS44,,h3:千円銀貨 1964年 昭和39年 東京オリンピック記念 1000円銀貨 コレクション 記念品 コレクション 年代物 ■yx-364,,,,,,,h3:7枚まとめ売り　東京オリンピック1000円銀貨 記念硬貨 千円銀貨 1964年 昭和39年 b,,,,,,
,,,h3:er1013【PK】//記念硬貨★1400円分　オリンピック　1000円　100円　鳳凰　コレクション　昭和39年　昭和35年,,h3:FN18197B【1000円スタート!!】 1964年 昭和39年 東京オリンピック記念銀貨 銀貨 記念コイン,,,,,,,h3:【3枚】東京オリンピック 1000円銀貨 3枚まとめ 千円銀貨 昭和39年 1964年 記念硬貨 記念コイン コレクション 古銭,,,,,,
,,,h3:★日終 【PCGS MS67】1964 昭和39年 日本 1000円銀貨 東京オリンピック 完全未使用 //世界コイン 古銭 貨幣 硬貨 銀貨3【決済期限火曜日】,,h3:【龍】1964年 東京オリンピック記念1000円銀貨　カプセル入り　昭和39年 品位 銀925 銅75 記念硬貨 東京五輪 上 銀925 千円銀貨,,,,,,,h3:古銭祭 千円 銀貨 1000円 銀貨 1964年 東京オリンピック 昭和39年 記念硬貨 現状品 古銭 長期自宅保管品,,,,,,
,,,h3:7枚まとめ売り　東京オリンピック1000円銀貨 記念硬貨 千円銀貨 1964年 昭和39年 b,,h3:NK1650 1964年 東京オリンピック記念 1000円銀貨 100円銀貨 現状渡し 中古 ジャンク品,,,,,,,h3:1円【一般中古】東京オリンピック 1000円銀貨 1964 昭和39年 およそ19.9g/62,,,,,,
,,,h3:【3枚】東京オリンピック 1000円銀貨 3枚まとめ 千円銀貨 昭和39年 1964年 記念硬貨 記念コイン コレクション 古銭,,h3:★★東京オリンピック記念100円銀貨★,,,,,,,h3:★日終 【PCGS MS67】1964 昭和39年 日本 1000円銀貨 東京オリンピック 完全未使用 //世界コイン 古銭 貨幣 硬貨 銀貨1【決済期限火曜日】,,,,,,
,,,h3:古銭祭 千円 銀貨 1000円 銀貨 1964年 東京オリンピック 昭和39年 記念硬貨 現状品 古銭 長期自宅保管品,,h3:【記念硬貨】1964年 東京オリンピック記念 千円銀貨 東京五輪 昭和39年 シルバー コレクション KM260106-003,,,,,,,h3:◆ごえん堂◆50枚おまとめ◆東京オリンピック 1000円銀貨 東京五輪 千円銀貨 1964年 昭和39年 古銭 通貨 富士と桜　　6,,,,,,
,,,h3:1円【一般中古】東京オリンピック 1000円銀貨 1964 昭和39年 およそ19.9g/62,,h3:【記念硬貨】1964年 東京オリンピック記念 千円銀貨 東京五輪 昭和39年 シルバー コレクション SD,,,,,,,h3:1000円 記念硬貨 銀貨 東京オリンピック 昭和39年(1964)PCGS MS63 鑑定 古硬貨銀貨　未使用品　※商品説明必読※,,,,,,
,,,h3:★日終 【PCGS MS67】1964 昭和39年 日本 1000円銀貨 東京オリンピック 完全未使用 //世界コイン 古銭 貨幣 硬貨 銀貨1【決済期限火曜日】,,h3:東京オリンピック記念 千円銀貨 未使用,,,,,,,h3:1964年東京オリンピック1000円　銀貨 33,,,,,,
,,,h3:【まとめ】TOKYO 1964年 オリンピック 昭和39年 1000円 千円 100円 百円 貨幣 硬貨 コイン アンティーク コレクション ケース付 4313-YN,,h3:現行コイン年号別アルバム 抜けあり 東京オリンピック記念 100円 銀貨 含む 額面3810円 昭和 貨幣 コインアルバム,,,,,,,h3:〈銀貨まとめ売り〉一分銀、旭日竜５０銭　竜５０銭 　旭日50銭　小型50銭　1964年東京オリンピック１０００円銀貨他　約１８５ｇ,,,,,,
,,,h3:◆ごえん堂◆50枚おまとめ◆東京オリンピック 1000円銀貨 東京五輪 千円銀貨 1964年 昭和39年 古銭 通貨 富士と桜　　6,,h3:千円銀貨 1964年 昭和39年 東京オリンピック記念 1000円銀貨 コレクション 記念品 コレクション 年代物 ■yx-357,,,,,,,h3:【 東京オリンピック記念】 1964年 1000円銀貨幣 10枚セット 昭和39年発行 千円銀貨,,,,,,
,,,h3:1000円 記念硬貨 銀貨 東京オリンピック 昭和39年(1964)PCGS MS63 鑑定 古硬貨銀貨　未使用品　※商品説明必読※,,h3:★記念硬貨 [ 東京オリンピック記念 100円 銀貨 1枚 ] 昭和39年発行 1964年 百円 聖火台,,,,,,,h3:6枚まとめ売り　東京オリンピック1000円銀貨 記念硬貨 千円銀貨 1964年 昭和39年,,,,,,
,,,h3:,,h3:２）昭和３９年（１９６４年）　東京オリンピック記念　１０００円　銀貨　１００円　銀貨　ケース付き,,,,,,,h3:,,,,,,
,,,,,h3:☆ コレクター様大放出！２ ☆ 本物保証 ☆ 東京オリンピック記念1000円銀貨幣 昭和３９年 辰年 （1964年）千円銀貨幣 / 大蔵省 造幣局,,,,,,,,,,,,,
,,,,,h2:購入先ショップ比較,,,,,,,,,,,,,
,,,,,h2:おすすめ買取業者,,,,,,,,,,,,,
,,,,,h3:金貨買取本舗,,,,,,,,,,,,,
,,,,,h3:七福本舗,,,,,,,,,,,,,
,,,,,h3:大黒屋,,,,,,,,,,,,,
,,,,,h2:関連記事,,,,,,,,,,,,,
,,,,,h2:よくある質問,,,,,,,,,,,,,
,,,,,h2:このページをシェアする,,,,,,,,,,,,,
,,,,,h2:カテゴリ,,,,,,,,,,,,,
,,,,,h2:このサイトをシェアする,,,,,,,,,,,,,