,,ラッコツール→,https://related-keywords.com/,,,,,,,,,,,,,,,,,,
,対策KW,シャネル 歴史,,,"💡このシートの用途：競合見出しを洗い出して、自社で作る見出しの網羅性を担保するため。
構成作成において、「競合にあって自社にないトピック」が出ないようにすることが目的です。",,,,,,,,,,,,,,,,
,順位,1位,2位,3位,4位,5位,6位,7位,8位,9位,10位,,,,,,,,,,
,title,シャネルの歴史 | CHANEL シャネル,シャネル - Wikipedia,多くの女性を魅了するCHANEL/シャネル。その歴史と伝説のデザイナー | ESTIME,女性に愛されるブランド「シャネル」とは。歴史や人気コレクションなど解説！｜ブランド買取専門店ロデオドライブ,1950年代 | CHANEL シャネル,CHANEL（シャネル）の歴史とマトラッセ フランス屈指のファッションブランド、シャネルの紹介 ブランドオフ・オンラインストア | 【BRAND OFF ブランドオフ・オンラインストア】,CHANEL and Cinema — 歴史 — ファッション | CHANEL,全世界の女性を魅了するコスメ。永遠の憧れブランド「シャネル」の歴史,CHANEL（シャネル）の歴史｜創業者や発祥地などを年表形式で紹介！,,ココ・シャネルの人生とは？ブランドの歴史とともに辿る｜ウォッチニアン買取専門店,History of CHANEL | VINTAGE PARIS,1883年、物語の始まり | CHANEL シャネル,シャネルの歴史とは？創業者や人気コレクションを紹介 | うるココ,シャネルの歴史を徹底解説！創業から世界的ブランドに至る軌跡をご紹介,【CHANEL】シャネルの歴史と代表的なアクセサリー,シャネルのオートクチュールの歴史 — ファッション | CHANEL,,【完全解説】ココシャネルとは？伝説の女性デザイナーが変えたファッションの歴史と魅力,
,description,ガブリエル シャネルの時代から今日へと続くシャネルの歴史。その中でも特に重要な出来事をご覧ください。,,ファッション界の永遠のアイコン「シャネル」。その名前は単なるファッションブランドを超えて、特に女性にとっては英会陰の憧れとなっています。シャネルの歴史は「ココ・シャネル」というひとりの女性から始まります。現在までの立ち位置を確立するには深い,,シャネルの歴史 1950年代,ココ・シャネルとともに成長していったシャネル、マトラッセに代表される他に類のない一意なデザイン、長く愛用できる素材と丁寧な作りで、世界中から支持されています。 ブランドオフ・オンラインストアです。ぜひこの機会にご利用ください。【BRAND OFF Online Store】,クリエイションに寄り添い続けるシャネルは、衣装デザイン、そして映画祭や現在そして未来の可能性を秘めた才能へのサポートをはじめ、伝統の継承に積極的に貢献しています。,ラグジュアリーブランドの中でもとくに女性から高い支持を受けている「シャネル」。誕生から100年以上が経ちますが、ブランド設立時にはどんなドラマがあったのでしょうか。ブランド創立者ココ・シャネルの歩みとともにブランドの歴史をチェックしましょう。,CHANEL（シャネル）のブランドの歴史を紹介します。創業年や創業者、発祥地など今に至るまでの沿革を年表形式で説明します。CHANEL（シャネル）がどのようなブランドなのか、これまでの変遷について詳しく知りたい方は、ぜひ参考にしてください。,,女性の自由と自立がコンセプトのシャネルは、創業者ココ・シャネルの生き様が投影されたブランドです。その他のハイブランドよりも、創業者自身の人格や人生が色濃く反映されているシャネルの歴史を、彼女の生涯とともに巡ります。,,1883年、ガブリエル シャネルの誕生,,"シャネルの歴史を徹底解説！創業から世界的ブランドに至る軌跡をご紹介 おたからやでは、買取のお役立ち情報を掲載中。高く売るためのポイントを丁寧に解説いたします。全国1,630 店舗以上の信頼と実績で、金、時計、ブランド、宝石、その他どんなもの高価買取いたします。",シャネル（CHANEL）は、20世紀初頭にフランスで誕生したラグジュアリーブランドで、創業者は「ココ・シャネル」の愛称で知られるガブリエル・シャネルです。1910年にパリで帽子店「シャネル・モード」を開店したのがブランドの始まりでした。当時主流だったコルセットによる締め付けを否定し、動きやすくシンプルで洗練された服を提案。ジャージー素材の使用や「リトル・ブラック・ドレス」の発表など、従来の常識を覆す革新的なデザインで注目を集めました。,メゾンの真髄であるオートクチュールは、卓越性と創造性を両立させながら、コレクションを重ねるごとに新たな解釈を通して生まれ変わります。,,CHANELの創設者であるココ・シャネル（coco chanel）。シンプルでありながらエレガントなスタイルは、今もなお世界中のファッションに影響を与え続けています！こちらの記事では、そんなココシャネルの歴史に残る名言や魅力などを紹介しておりますので、ぜひこの機会にチェックしてみてくださいね！,モード界に革命を起こしたココ・シャネルの歴史とその歩みについて質屋CLOAK名古屋大須店がお伝えいたします。
,url,https://www.chanel.com/jp/about-chanel/the-house-of-chanel/,https://ja.wikipedia.org/wiki/%E3%82%B7%E3%83%A3%E3%83%8D%E3%83%AB,https://estime.co.jp/column/chanel-history/,https://kaitori.rodeodrive.co.jp/column/chanel-history/,https://www.chanel.com/jp/about-chanel/the-house-of-chanel/1950/,https://www.brandoff-store.com/Page/chanel.aspx,https://www.chanel.com/jp/fashion/event/chanel-and-cinema-history/,https://www.cosmeland.jp/column/113.html,https://brand-hands.co.jp/brand/chanel/chanel-histroy/,https://galleryrare.jp/blog/chanel-logotype/,https://buy.watchnian.com/column/detail/410/,https://www.vintage-paris.co.jp/blog/detail.php?id=118,https://www.chanel.com/jp/about-chanel/the-house-of-chanel/1883/,https://ultra-b.jp/columns/chanel-history/,https://www.otakaraya.jp/contents/brand/chanel/chanel-brand-history/,https://www.jewelryreform.jp/column/chanel-history.html,https://www.chanel.com/jp/haute-couture/history/,https://kld-c.jp/blog/what-is-chanel,https://lifeonline.jp/about-cocochanel,https://inoue78.com/chanel/chistory
,headline count,15,15,40,17,13,11,4,6,17,26,19,2,1,26,189,66,1,0,35,30
,word count,5248,6141,16597,10398,6578,5853,5476,9758,7225,11435,13058,3726,5254,5393,21760,12958,6525,0,15147,3456
,headline,h1:オートクチュール,h2:目次,h1:最速買取・高額買取ブランドショップ エステメ,h1:女性に愛されるブランド「シャネル」とは。歴史や人気コレクションなど解説！-ブランド買取なら高価買取の「ロデオドライブ」へ,h1:1952 マリリン モンロー＆シャネル N°5,h3:詳細検索,h2:衣装デザイン、映画祭や現在および未来の才能へのサポートをはじめ、シャネルは常にクリエイションに寄り添い、映画伝統の継承に積極的に貢献しています。,h1:コスメランドTOP,h1:CHANEL（シャネル）の歴史｜創業者や発祥地などを年表形式で紹介！,h1:CHANEL(シャネル)のロゴマークの由来や意味を解説！ピアス･ネックレス･バッグなどの画像も紹介,h1:ココ・シャネルの人生とは？ブランドの歴史とともに辿る,h1:VINTAGE PARISで一緒に販売しませんか？ 販売したいアイテムをお知らせください。contact(@)vintage-paris.co.jp,h1:1883 ガブリエル シャネルの誕生,h1:シャネルの歴史とは？創業者や人気コレクションを紹介,h1:シャネルの歴史を徹底解説！創業から世界的ブランドに至る軌跡をご紹介,h1:【CHANEL】シャネルの歴史と代表的なアクセサリー,h1:CHANELHAUTE COUTURE,,h1:【完全解説】ココシャネルとは？伝説の女性デザイナーが変えたファッションの歴史と魅力,h2:シャネルの歴史
,,h1:The House of CHANEL,h1:シャネル,h1:多くの女性を魅了するCHANEL/シャネル。その歴史と伝説のデザイナー,h1:女性に愛されるブランド「シャネル」とは。歴史や人気コレクションなど解説！,h2:1954,h1:BRAND OFF Online Store,h2:シャネルは映画制作を継続的にサポートしています。1931年、ガブリエル シャネルは、アメリカ人の映画プロデューサー、サミュエル ゴールドウィンの招待を受け、グロリア スワンソンをはじめとするユナイテッド アーティスツ スタジオで活躍する俳優たちの衣装を担当するためハリウッドに降り立ちました。この出来事をきっかけに、シャネルと映画界との深い結び付きが生まれ、時を重ねながら、多様なクリエイションへの継続的な取り組みを深めてきました。 すべては、長きにわたりメゾンとともに歩んできた俳優たちとの出会いから始まりました。スクリーンやレッドカーペットでシャネルを纏い、役柄や個性を通じてシャネルのアリュールを体現する彼女たちとの間に、深い信頼と絆が築かれていきました。,h1:コスメランドTOP,h2:CHANEL（シャネル）の歴史①（創業者や発祥地）,h2:シャネル(CHANEL)のロゴにあるココマークとは？由来や隠された意味を解説,h2:シャネルの歴史年表,h3:History of CHANEL,,h2:シャネルとは,h2:おたからや強化買取品目,h2:シャネルの歴史,,,h2:ココシャネルとは,h1:シャネルの歴史
,,h2:1883,h2:歴史,h2:1.シャネルを語る上で欠かせない3人の歴代デザイナー,h2:シャネルとは,h3:カムバック,h1:BRAND OFF Online Store,h2:メゾンはまた、映画の豊かさと多様性をより多くの人々と分かち合うとともに、その遺産を守りながら次世代へと継承していくことを大切にしています。その理念のもと、シャネルはビアリッツ、ドーヴィル、釜山といった世界各地の映画祭を積極的に支援し、またアラン レネ監督による傑作『去年マリエンバートで』（1961年）の修復もサポートしています。さらに、セザール賞を主催するフランス映画芸術アカデミーやロサンゼルスの映画芸術科学アカデミーなど、主要な映画機関への支援にも尽力しています。 こうした姿勢は、芸術的なコラボレーションの一環として行われる衣装の制作や貸与にも表れており、近年ではドーヴィル・アメリカ映画祭のコンペティション部門に選出されたジョシュア オッペンハイマー監督の『The End（原文）』（2024年）や、カンヌ国際映画祭のコンペティション部門に選出されたリチャード リンクレイター監督の最新作『Nouvelle Vague（原題）』（2025年）への衣装協力も行っています。,h1:column113,h2:CHANEL（シャネル）の歴史②（年表や沿革）,h3:シャネルのロゴ解説1：ロゴとマークの特徴,h2:創業者のココシャネルってどんな人？生涯を辿る,,,h3:どんなブランドか,h2:おたからやについて,h2:シャネルの代表作,,,h3:ココシャネルについて,h2:History of CHANEL ～シャネル～
,,h2:1910,h2:デザイナー,h3:1-1.創業者「ガブリエル・シャネル（ココ・シャネル）」,h2:シャネルの歴史,h2:1954,h1:CHANELシャネル,h2:シャネルは未来の映画界を見据え、是枝裕和監督とともに立ち上げた、CHANEL ＆ CINEMA – TOKYO LIGHTSプログラムを通じて、若手の才能が育まれる環境づくりを目指しています。この取り組みにより、シャネルは映画界の過去、現在、未来へ寄り添い続ける、かけがえのないパートナーとしての立場をあらためて示しています。,h2:全世界の女性を魅了するコスメ。永遠の憧れブランド「シャネル」の歴史,h3:1910年：シャネルの起源となる帽子屋を開業,h3:シャネルのロゴ解説2：ココマークとは？,h3:ココ・シャネルの生い立ち,,,h3:革新的な価値観,h2:シャネルの歴史を徹底解説！創業から世界的ブランドに至る軌跡をご紹介,h3:シャネル No.5（Chanel No.5）,,,h3:名前の由来とブランド「シャネル」の始まり,h3:出発は帽子専門店「シャネル・モード」
,,h2:1920,h3:ヘッドデザイナー,h3:1-2.モード界の皇帝「カール・ラガーフェルド」,h2:シャネルが人気の理由,h3:アンリ ロベールの就任,h2:シャネルの歴史,,h2:ココ・シャネルが歩んだ歴史とブランド誕生秘話,h3:1913年：高級リゾート地ドーヴィルに「ガブリエル・シャネル」をオープン,h3:シャネルのロゴ解説3：ココマークの成り立ち,h3:ココ・シャネルは恋多き女性だった,,,h2:シャネルの歴史,h2:ココ・シャネルと創業の時代（1909〜1971年）,h3:リトル・ブラック・ドレス（Little Black Dress）,,,h3:ココシャネルの歴史,h3:オートクチュールブティックをオープン
,,h2:1930,h3:ジュエリー部門,h3:1-3.現在のシャネルを創る「ヴァージニー・ヴィアール」,h2:強く美しい女性、ココ・シャネル,h2:1955,h3:ガブリエル “ココ” シャネル,,h2:憧れブランド「シャネル」の人気コスメたちをチェック！,h3:1916年：シャネル独自のモードラインを発表,h4:ココマークの誕生秘話1,h3:ココ・シャネルはナチスのスパイだった？,,,h2:シャネルの創業者「ココ・シャネル」はどんな人物？,h3:1910年：パリで帽子店を創業、ブランドの起源,h3:シャネル・スーツ（Chanel Suit）,,,h3:【ココ・シャネル 年表】,h3:シャネルの独創的なスタイルが話題に
,,h2:1940,h3:化粧品部門,h2:2.世界の女性を虜にしているシャネルが歩んできた歴史。,h3:ココ・シャネルの美学,h3:ハンドバッグ「2.55」の誕生,h2:愛され続けるデザイン,,,h3:1921年：不朽の名作となった伝説的な香水「NO.5」誕生,h4:ココマークの誕生秘話2,h3:スイス・ローザンヌでの亡命生活,,,h3:生い立ち,h3:1910年代：ジャージー素材の服で女性ファッションに革命,h3:2.55 バッグ,,,h2:ココシャネルの生涯と功績,h3:シャネル「閉鎖」と「復帰」
,,h2:1950,h2:宝飾品,h3:2-1.【1910年】「帽子屋：シャネル・モード」として始まる。,h3:女性に「快適さ」をもたらした,h2:1955,h2:上質な作り,,,h3:1926年：喪服のイメージを覆した「リトル・ブラック・ドレス」を発表,h2:シャネルのロゴやマークに表れるブランドのコンセプト、歴史について解説,h3:No.5を巡るヴェルメテール一族との決着,,,h3:恋多き女性,h3:1921年：伝説的な香水「シャネル No.5」の誕生,h3:バイカラーパンプス,,,h3:幼少期から成功までの歩み,h3:シャネルの死去
,,h2:1960,h2:CMキャラクター,h3:2-2.【1916年】伝統を打破するジャージードレスの誕生,h3:あえて常識に挑む精神,h3:フレグランス「プール ムッシュウ」を発表,h2:限定モデルやコレクション,,,h3:1939年：第二次世界大戦の影響でほとんどの店が閉店に追い込まれる,h3:シャネルのロゴ･ココマークに込められたコンセプト1：創業と「女性の解放を象徴する」ファッション,h3:ココ・シャネルのカムバック,,,h3:晩年,h3:1926年：黒のドレスで常識を覆した「リトル・ブラック・ドレス」,h2:代表的なCHANELのジュエリー,,,h3:シャネルスーツとリトルブラックドレスの誕生,h3:シャネルの新デザイナーに「カール・ラガーフェルド」が就任
,,h2:1970,h2:日本におけるシャネル,h3:2-3.【1921年】調香師「エルネスト・ボー」と協力。「No.5」発表。,h2:シャネルの人気ラインとは？,h2:1956,h2:資産価値としての側面,,,h3:1954年：パリのブティックを再オープン,h3:シャネルのロゴ･ココマークに込められたコンセプト2：ココ･シャネルの生い立ちと人物像,h3:ココ・シャネルの時代が再来,,,h2:シャネルが生み出した功績,h3:1939〜1954年：第二次世界大戦による中断と戦後の復活,h3:カメリア（Camélia）,,,h2:ココシャネルが与えた影響と名言,h3:シャネルの旗艦店 銀座にオープン
,,h2:1980,h2:テレビ番組,h3:2-4.【1926年】黒い服の常識を変えた！「リトル・ブラック・ドレス」,h3:マトラッセ,h3:ブレードを施したツイードのスーツの誕生,h2:セレブやインフルエンサーの影響,,,h3:2000年：シャネル史上初の男性用腕時計「J12」を発売,h3:シャネルのロゴ･ココマークに込められたコンセプト3：シャネルの黒が表現する「自立した女性の強い意志」,h3:ココ・シャネルの晩年,,,h3:シャネルスーツ,h3:1971年：創業者の死去と遺された功績,h3:ココ クラッシュ（Coco Crush）,,,h3:女性の「自由」と「自己表現」へのメッセージ,h3:金・プラチナ・貴金属
,,h2:1990,h2:画像,h3:2-5.【1939年】第二次世界大戦の影響でブティックは壊滅状態,h3:カンボンライン,h2:1957,,,,h2:求人情報,h2:シャネル(CHANEL)のロゴ入りの人気ネックレスを画像でご紹介,h2:シャネルのアイコンや名作の歴史,,,h3:リトルブラックドレス,h2:カール・ラガーフェルドの時代（1983〜2019年）,h3:コメット（Comète）,,,h3:現代でも通用するエレガンスの本質,h3:宝石・宝飾品
,,h2:2000,h2:脚注,h3:2-6.【1954年】ツイード素材の「シャネルスーツ」で栄光を取り戻す,h3:カメリア,h3:バイカラー シューズの誕生,,,,h2:シャネルの買取実績,h3:シャネルのネックレスモチーフのロゴ１：ココマーク,h3:シャネルの香水,,,h3:ショルダーバッグ,h3:1983年：カール・ラガーフェルド就任、ブランドの再興,h3:リオン / ライオン（Lion）,,,h2:ココシャネルの人気アイテムとその魅力,h3:ダイヤモンド
,,h2:2010,h2:関連項目,h3:2-7.【1955年】マトラッセの原型となる「2.55」が誕生。,h3:ドーヴィル,,,,,h2:大阪府のシャネル買取店一覧,h3:シャネルのネックレスモチーフのロゴ2：ココマークとカメリア,h3:黒のファッションスタイル,,,h2:シャネルの人気コレクション,h3:1980〜90年代：伝統の再解釈とアイコニックなデザインの刷新,h3:クローバー（Quatre Feuilles）,,,h3:シャネルNo.5をはじめとする香水の魅力,h3:ブランドジュエリー
,,h2:2020,h2:外部リンク,h3:2-8.【1971年】ココ・シャネル逝去。またもや低迷期へ。,h3:2.55ライン,,,,,h2:兵庫県のシャネル買取店一覧,h3:シャネルのネックレスモチーフのロゴ3：ココマークとCOCOのアルファベット,h3:マトラッセの歴史,,,h3:マトラッセ,h3:1987年＆2000年：時計分野への進出と「J12」の衝撃,h2:ココ・シャネルの人物像,,,h3:バッグ・アクセサリーなど定番アイテム,h3:ロレックス
,,,,h3:2-9.【1983年】マトラッセ誕生。カール・ラガーフェルドが就任。,h2:世界中の女性から支持されるシャネル,,,,,h2:京都府のシャネル買取店一覧,h2:シャネル(CHANEL)のイヤリング･ピアスのロゴ画像,h3:シャネルの化粧品,,,h3:カメリア,h3:2019年：カールの死去と新時代へのバトンタッチ,h2:【カルティエ】ジュエリーの歴史と代表的なリングについて,,,h2:ココシャネルアイテムはブランド買取LIFEにお任せ！,h3:ブランドウォッチ・ 高級時計
,,,,h3:2-10.【1987年】女性のための腕時計「プルミエール」を発表。,h2:簡単査定で買取価格をチェック,,,,,h2:ダメージのあるシャネルも買取可能,h3:シャネルのイヤリング･ピアスモチーフのロゴ1：ココマーク,h3:手軽に宝石を楽しむ　コスチュームジュエリー,,,h3:カンボンライン,h2:ヴィルジニー・ヴィアールと現代のシャネル（2019年〜）,h2:ティファニーの歴史が生み出した、数々の名作ジュエリー,,,h3:シャネル製品が高額査定を受けやすい理由,h3:インゴット
,,,,h3:2-11.【2000年】時計界を震撼させたセラミック素材の「J12」,,,,,,,h3:シャネルのイヤリング･ピアスモチーフのロゴ2：ロゴ,h2:ココ・シャネルの名言,,,h2:シャネル買取ならうるココにご相談ください,h3:ヴィルジニー・ヴィアールとは誰か,h2:【GUCCI】グッチのジュエリーの歴史とデザインの種類について,,,h3:査定アップのポイント,h3:金貨
,,,,h3:2-12.【2019年】「ヴァージニー・ヴィアール」がシャネルの未来を担う,,,,,,,h3:シャネルのイヤリング･ピアスモチーフのロゴ3：カメリアとココマーク,h2:他の人はこんな豆知識も見ています,,,h3:関連カテゴリー,h3:シャネル 19：新たな定番バッグの誕生,h2:【DAMIANI】ダミアーニの歴史と種類について,,,h2:LIFE実店舗紹介,h3:ルイヴィトン
,,,,h2:3.ココ・シャネルはどんな人？ブランドイメージにつながる名言集,,,,,,,h2:シャネル(CHANEL)のバッグに施されたロゴ、マークを画像でご紹介,,,,h3:関連するコラム,h3:ヴィアールのデザインの特徴,h2:【FRED】パリのジュエリーブランド、フレッドの歴史やデザインについて,,,h2:【無料】1分で出来るLINE査定！年間2万人が利用する簡単お手軽なサービス,h3:シャネル
,,,,h3:3-1.「私は流行を作ってるんじゃないの。私が流行なの」,,,,,,,h3:シャネルのバッグのロゴ1：留め具として施されているココマーク,,,,h3:【東京都】世田谷区でおすすめの出張買取サービス13選！メリット・デメリットと注意点も紹介,h2:シャネルが愛され続ける理由,h3:パールネックレスの真贋を見分ける5つの方法本物とイミテーションの違いとは？,,,h3:SNSでも最新情報やお得な情報を発信しております！,h3:エルメス
,,,,h3:3-2.「下品な服装は服だけが目につき、上品な服装は女を引き立たせる」,,,,,,,h3:シャネルのバッグのロゴ2：ドーヴィルラインのバッグに施された住所入りのマーク,,,,h3:京都でおすすめのブランド買取業者15選！まずはココから,h3:長い歴史と受け継がれる伝統,h3:冠婚葬祭にふさわしいパールネックレスとは？,,,h3:この記事を書いた人,h3:ブランド品
,,,,h3:3-3.「シンプルさはすべてのエレガンスの鍵」,,,,,,,h3:シャネルのバッグのロゴ3：ロゴとロゴマークの混合,,,,h3:不要になった着物の売り方とは？代表的な4つの方法を紹介,h3:高品質な素材と卓越した職人技,h3:宝石のすり替えって本当にあるの？,,,h2:投稿ナビゲーション,h3:大判・小判
,,,,h3:3-4.「公爵夫人はたくさんいるけれど、ココ・シャネルはひとりだけ」,,,,,,,h3:シャネルのバッグのロゴ4：カメリアとロゴ、ココマークの混合,,,,h3:宝石ブランドで世界的に有名なブランドを一挙紹介！,h3:革新的かつ多彩なアイテム展開,h3:合成モアッサナイトとは？ダイヤモンドとの違いを徹底解説,,,h3:関連記事,h3:旧紙幣・記念硬貨
,,,,h3:3-5.「人生は1度きり。だから思いっきり楽しむべきよ」,,,,,,,h2:シャネル(CHANEL)のロゴモチーフのリングを画像とともにご紹介,,,,h3:古い毛皮は売れない？毛皮コートを売る時期はいつがいいのか解説,h3:世界的なブランド認知度と影響力,h3:すぐに黒ずむシルバーアクセサリー 原因・家でできるお手入れ・変色防止法,,,h4:シャネルのアイコンウォッチ「J12」のイベント「J12 ALWAYS I...,h3:金券
,,,,h2:4.現在まで愛されるシャネルの魅力ポイント,,,,,,,h2:シャネル(CHANEL)のロゴマークについてまとめ,,,,h3:毛皮のコートはいつ着る？保管方法についても解説,h2:シャネルの製品を高価買取してもらうためのポイント,h3:18金の鋳造について｜ジュエリー製作の工程を専門家が徹底解説,,,h4:シャネルを代表するウォッチコレクション「J12」の新作アイテムが2022...,h3:楽器
,,,,h3:4-1.長い歴史からくる伝統が長い,,,,,,,,,,,,h3:コンディションを維持しプロ仕上げで差を付ける,h3:ジュエリー修理とリフォームの違い｜選び方・費用・実例解説,,,h4:シャネルの「ココ クラッシュ コレクション」新作ジュエリーをご紹介！買取...,h3:カメラ
,,,,h3:4-2.高品質な素材を使用,,,,,,,,,,,,h3:ギャランティカードと付属品を完備する,h3:婚約指輪のリメイク費用はいくら?実例から見る相場と価格の決まり方,,,h4:シャネル 2022年発売の限定ウォッチ「ウォンテッド」コレクションの買取...,h3:家電
,,,,h3:4-3.多様なアイテムラインナップ,,,,,,,,,,,,h3:相場と為替を読み最適な売却タイミングを狙う,h3:ダイヤモンドジュエリー・アクセサリーの手入れ方法完全ガイド｜輝きを取り戻すケアの秘訣,,,h4:【プロ解説】ヴィンテージ シャネルの完全ガイド｜人気の理由と買取相場を専...,h3:取扱の出来る品物
,,,,h3:4-4.高いブランド認知度,,,,,,,,,,,,h3:ブランド専門店で相見積もりを取る,h3:ゴールドアクセサリーの手入れ方法完全ガイド｜黒ずみ・変色を防ぐケアの秘訣,,,h4:【2021年】シャネルバッグ新作一挙20モデルご紹介｜ブランド買取専門店...,h3:取扱の出来ない品物
,,,,h2:5.シャネルを愛用している芸能人5選,,,,,,,,,,,,h3:真贋証明とメンテナンス履歴を整備する,h3:プラチナアクセサリーの手入れ方法完全ガイド｜輝きを保つケアの秘訣,,,h4:シャネル関連コラム,
,,,,h3:5-1.タレント 千秋,,,,,,,,,,,,h2:まとめ,h3:母の遺品・形見の指輪をリメイク｜想いを受け継ぐジュエリーリフォーム完全ガイド,,,h3:最新記事,
,,,,h3:5-2.モデル 益若つばささん,,,,,,,,,,,,h2:「おたからや」での「シャネル」の参考買取価格,h3:エメラルドのひび割れは直せる?原因と修理方法を徹底解説,,,h3:人気記事,
,,,,h3:5-3.歌手 アリアナ・グランデさん,,,,,,,,,,,,h2:シャネルの買取なら「おたからや」,h3:【Louis Vuitton】ルイ・ヴィトンの歴史と代表作,,,h3:目次,
,,,,h3:5-4.歌手 リアーナさん,,,,,,,,,,,,h2:おたからやのブランド買取 査定員の紹介,h3:【CHAUMET】ショーメとは？歴史・コレクション・魅力を徹底解説,,,h2:ブランド品買取のお悩み・お困りごとはこちらへ,
,,,,h3:5-5.女優 小松菜奈さん,,,,,,,,,,,,h2:関連記事,h3:【CHANEL】シャネルの歴史と代表的なアクセサリー,,,,
,,,,h2:まとめ,,,,,,,,,,,,h2:タグ一覧,h3:【HERMES】エルメスの歴史-デザインに至るまでのものづくりの精神と背景,,,,
,,,,h2:かんたん30秒お手軽査定,,,,,,,,,,,,h2:おたからやの買取商品から探す,h3:【HARRY WINSTON】レッドカーペットの歴史を築いた、ハリーウィンストン,,,,
,,,,h3:手数料0円,,,,,,,,,,,,h2:今すぐ売りたい方はコチラ,h3:【BVLGARI】イタリアを代表する高級宝飾店、ブルガリの歴史とデザイン,,,,
,,,,h3:やさしい相場説明,,,,,,,,,,,,h2:おたからやの買取品目,h3:【Van Cleef & Arpels】ヴァンクリーフ&アーペルの歴史とジュエリーのデザイン,,,,
,,,,,,,,,,,,,,,,h3:エルメス 買取,h3:MIKIMOTOの歴史やデザインとミキモトパールの魅力,,,,
,,,,,,,,,,,,,,,,h3:エルメス 買取 TOP,h3:【カルティエ】ジュエリーの歴史と代表的なリングについて,,,,
,,,,,,,,,,,,,,,,h3:バーキン 買取,h3:ティファニーの歴史が生み出した、数々の名作ジュエリー,,,,
,,,,,,,,,,,,,,,,h3:ケリー 買取,h3:【GUCCI】グッチのジュエリーの歴史とデザインの種類について,,,,
,,,,,,,,,,,,,,,,h3:アザップ 買取,h3:【DAMIANI】ダミアーニの歴史と種類について,,,,
,,,,,,,,,,,,,,,,h3:アリーヌ 買取,h3:【FRED】パリのジュエリーブランド、フレッドの歴史やデザインについて,,,,
,,,,,,,,,,,,,,,,h3:アルザン 買取,h3:指輪のサイズ直し完全ガイド：料金相場、期間、店舗選びのポイント,,,,
,,,,,,,,,,,,,,,,h3:ヴァルパライソ 買取,h3:アンティークネックレスの歴史から見る、デザインや素材の変化とは,,,,
,,,,,,,,,,,,,,,,h3:ヴィクトリア 買取,h3:アンティーク ジュエリーとは？歴史やデザイン・種類について,,,,
,,,,,,,,,,,,,,,,h3:ヴェスパ 買取,h3:ペアリングの人気の素材とデザインとは？つける指の意味は？,,,,
,,,,,,,,,,,,,,,,h3:ヴェルー 買取,h3:さりげないおしゃれを楽しむカップルの新定番、ペアジュエリーとは？,,,,
,,,,,,,,,,,,,,,,h3:エブリン 買取,h3:ペアネックレスの選び方は？人気の素材とデザインから価格を知りたい！,,,,
,,,,,,,,,,,,,,,,h3:エールバッグ 買取,h3:赤ちゃんに贈る初めてのジュエリー、ベビーリングってどんな指輪？,,,,
,,,,,,,,,,,,,,,,h3:エールライン 買取,h3:婚約指輪のダイヤモンドの平均的なカラットや相場とは？,,,,
,,,,,,,,,,,,,,,,h3:オータクロア 買取,h3:相場は給料1ヵ月分以下の場合も！値段より実用性が重視される結婚指輪,,,,
,,,,,,,,,,,,,,,,h3:ガーデンパーティ 買取,h3:眠っているネックレスをブレスレットにリフォームしよう,,,,
,,,,,,,,,,,,,,,,h3:ケリーウォレット 買取,h3:ピンキーリングに込められた意味って？ 選び方のポイントとは,,,,
,,,,,,,,,,,,,,,,h3:ケリースポーツ 買取,h3:長さによって呼び方が変わる！ ネックレスの種類,,,,
,,,,,,,,,,,,,,,,h3:ケリーデペッシュ 買取,h3:花嫁の幸せな結婚生活を願うおまじない「サムシングフォー」,,,,
,,,,,,,,,,,,,,,,h3:ケリードール 買取,h3:輝き方にも違いがあります ダイヤモンドの主なカット方法,,,,
,,,,,,,,,,,,,,,,h3:コンスタンス 買取,h3:[パール]女性らしさの象徴、心身を癒すヒーリングの宝石,,,,
,,,,,,,,,,,,,,,,h3:コンスタンスロングトゥーゴー 買取,h3:実は知らないジュエリーを傷つけてしまうNG行為,,,,
,,,,,,,,,,,,,,,,h3:サックアデペッシュ 買取,h3:ジュエリーをいつまでも美しく保つための保管方法とは？,,,,
,,,,,,,,,,,,,,,,h3:サックドパンサージュ 買取,h3:ジュエリーや宝石が新品同様の品物に生まれ変わる仕上げ直し,,,,
,,,,,,,,,,,,,,,,h3:ジジェ 買取,h3:指輪をリフォームするメリットとお店選びのおすすめポイント,,,,
,,,,,,,,,,,,,,,,h3:ソーケリー 買取,h3:形見の指輪をピンキーリングにリフォームしたい,,,,
,,,,,,,,,,,,,,,,h3:ツールボックス 買取,,,,,
,,,,,,,,,,,,,,,,h3:ドゥブルセンス 買取,,,,,
,,,,,,,,,,,,,,,,h3:ドゴン 買取,,,,,
,,,,,,,,,,,,,,,,h3:ドラッグ 買取,,,,,
,,,,,,,,,,,,,,,,h3:ドレミ 買取,,,,,
,,,,,,,,,,,,,,,,h3:ピコタン 買取,,,,,
,,,,,,,,,,,,,,,,h3:ビニールケリー 買取,,,,,
,,,,,,,,,,,,,,,,h3:プティアッシュ 買取,,,,,
,,,,,,,,,,,,,,,,h3:プリュム 買取,,,,,
,,,,,,,,,,,,,,,,h3:フールトゥ 買取,,,,,
,,,,,,,,,,,,,,,,h3:フールビ 買取,,,,,
,,,,,,,,,,,,,,,,h3:ベアン 買取,,,,,
,,,,,,,,,,,,,,,,h3:ベアンスフレ 買取,,,,,
,,,,,,,,,,,,,,,,h3:ポシェットケリー 買取,,,,,
,,,,,,,,,,,,,,,,h3:ボリード 買取,,,,,
,,,,,,,,,,,,,,,,h3:ホワイトバス 買取,,,,,
,,,,,,,,,,,,,,,,h3:ミニケリー 買取,,,,,
,,,,,,,,,,,,,,,,h3:リンディ 買取,,,,,
,,,,,,,,,,,,,,,,h3:ロデオ 買取,,,,,
,,,,,,,,,,,,,,,,h3:エルメス 財布 買取,,,,,
,,,,,,,,,,,,,,,,h3:エルメス スカーフ 買取,,,,,
,,,,,,,,,,,,,,,,h3:エルメス ポーチ 買取,,,,,
,,,,,,,,,,,,,,,,h3:エルメス 靴 買取,,,,,
,,,,,,,,,,,,,,,,h3:エルメス キーケース 買取,,,,,
,,,,,,,,,,,,,,,,h3:エルメス イヤリング・ピアス 買取,,,,,
,,,,,,,,,,,,,,,,h3:エルメス ジュエリー 買取,,,,,
,,,,,,,,,,,,,,,,h3:エルメス アパレル 買取,,,,,
,,,,,,,,,,,,,,,,h3:エルメス参考買取価格一覧,,,,,
,,,,,,,,,,,,,,,,h3:シャネル 買取,,,,,
,,,,,,,,,,,,,,,,h3:シャネル 買取 TOP,,,,,
,,,,,,,,,,,,,,,,h3:マトラッセ 買取,,,,,
,,,,,,,,,,,,,,,,h3:カメリア 買取,,,,,
,,,,,,,,,,,,,,,,h3:カンボンライン 買取,,,,,
,,,,,,,,,,,,,,,,h3:ダイアナ 買取,,,,,
,,,,,,,,,,,,,,,,h3:タイムレスクラシック 買取,,,,,
,,,,,,,,,,,,,,,,h3:チョコバー 買取,,,,,
,,,,,,,,,,,,,,,,h3:ニュートラベル 買取,,,,,
,,,,,,,,,,,,,,,,h3:ボーイシャネル 買取,,,,,
,,,,,,,,,,,,,,,,h3:マドモアゼル 買取,,,,,
,,,,,,,,,,,,,,,,h3:ワイルドステッチ 買取,,,,,
,,,,,,,,,,,,,,,,h3:シャネル 財布 買取,,,,,
,,,,,,,,,,,,,,,,h3:シャネル ジュエリー 買取,,,,,
,,,,,,,,,,,,,,,,h3:シャネル リボン 買取,,,,,
,,,,,,,,,,,,,,,,h3:シャネル アパレル 買取,,,,,
,,,,,,,,,,,,,,,,h3:シャネル参考買取価格一覧,,,,,
,,,,,,,,,,,,,,,,h3:ルイ・ヴィトン 買取,,,,,
,,,,,,,,,,,,,,,,h3:ルイ・ヴィトン 買取 TOP,,,,,
,,,,,,,,,,,,,,,,h3:アルマ 買取,,,,,
,,,,,,,,,,,,,,,,h3:オンザゴー 買取,,,,,
,,,,,,,,,,,,,,,,h3:カプシーヌ 買取,,,,,
,,,,,,,,,,,,,,,,h3:キーポル 買取,,,,,
,,,,,,,,,,,,,,,,h3:ジッピーウォレット 買取,,,,,
,,,,,,,,,,,,,,,,h3:スピーディ 買取,,,,,
,,,,,,,,,,,,,,,,h3:ネヴァーフル 買取,,,,,
,,,,,,,,,,,,,,,,h3:ポルトフォイユ 買取,,,,,
,,,,,,,,,,,,,,,,h3:アジェンダ 買取,,,,,
,,,,,,,,,,,,,,,,h3:アンティグア 買取,,,,,
,,,,,,,,,,,,,,,,h3:ヴァニティ 買取,,,,,
,,,,,,,,,,,,,,,,h3:コラボレーションアイテム 買取,,,,,
,,,,,,,,,,,,,,,,h3:シャドウ 買取,,,,,
,,,,,,,,,,,,,,,,h3:スハリ 買取,,,,,
,,,,,,,,,,,,,,,,h3:ダミエ・アンフィニ 買取,,,,,
,,,,,,,,,,,,,,,,h3:ダミエ・アズール 買取,,,,,
,,,,,,,,,,,,,,,,h3:ダミエ・グラフィット 買取,,,,,
,,,,,,,,,,,,,,,,h3:ダミエ・コバルト 買取,,,,,
,,,,,,,,,,,,,,,,h3:ツイスト 買取,,,,,
,,,,,,,,,,,,,,,,h3:ドーヴィル 買取,,,,,
,,,,,,,,,,,,,,,,h3:ノエ 買取,,,,,
,,,,,,,,,,,,,,,,h3:ポシェット・アクセソワール 買取,,,,,
,,,,,,,,,,,,,,,,h3:マヒナ 買取,,,,,
,,,,,,,,,,,,,,,,h3:モノグラム・アンプラント 買取,,,,,
,,,,,,,,,,,,,,,,h3:モノグラム・ヴェルニ 買取,,,,,
,,,,,,,,,,,,,,,,h3:モノグラム・エクリプス 買取,,,,,
,,,,,,,,,,,,,,,,h3:モノグラム・シャドウ 買取,,,,,
,,,,,,,,,,,,,,,,h3:モノグラム・マカサー 買取,,,,,
,,,,,,,,,,,,,,,,h3:モノグラム・マルチカラー 買取,,,,,
,,,,,,,,,,,,,,,,h3:ユタ 買取,,,,,
,,,,,,,,,,,,,,,,h3:ロックミー 買取,,,,,
,,,,,,,,,,,,,,,,h3:ルイ・ヴィトン 財布 買取,,,,,
,,,,,,,,,,,,,,,,h3:ルイ・ヴィトン ジュエリー 買取,,,,,
,,,,,,,,,,,,,,,,h3:ルイ・ヴィトン ブレスレット 買取,,,,,
,,,,,,,,,,,,,,,,h3:ルイ・ヴィトン アパレル 買取,,,,,
,,,,,,,,,,,,,,,,h3:ルイ・ヴィトン参考買取価格一覧,,,,,
,,,,,,,,,,,,,,,,h3:ヴェルサーチ 買取,,,,,
,,,,,,,,,,,,,,,,h3:ヴェルサーチ 買取 TOP,,,,,
,,,,,,,,,,,,,,,,h3:グッチ 買取,,,,,
,,,,,,,,,,,,,,,,h3:グッチ 買取 TOP,,,,,
,,,,,,,,,,,,,,,,h3:バンブー 買取,,,,,
,,,,,,,,,,,,,,,,h3:グッチ 財布 買取,,,,,
,,,,,,,,,,,,,,,,h3:クリスチャン ディオール 買取,,,,,
,,,,,,,,,,,,,,,,h3:クリスチャンディオール 買取 TOP,,,,,
,,,,,,,,,,,,,,,,h3:クロエ 買取,,,,,
,,,,,,,,,,,,,,,,h3:クロエ 買取 TOP,,,,,
,,,,,,,,,,,,,,,,h3:コーチ 買取,,,,,
,,,,,,,,,,,,,,,,h3:コーチ 買取 TOP,,,,,
,,,,,,,,,,,,,,,,h3:コーチ 財布 買取,,,,,
,,,,,,,,,,,,,,,,h3:コーチ 靴 買取,,,,,
,,,,,,,,,,,,,,,,h3:コーチ サングラス 買取,,,,,
,,,,,,,,,,,,,,,,h3:コーチ キーケース 買取,,,,,
,,,,,,,,,,,,,,,,h3:コーチ ネックレス 買取,,,,,
,,,,,,,,,,,,,,,,h3:コーチ　イヤリング,,,,,
,,,,,,,,,,,,,,,,h3:コーチ ベルト 買取,,,,,
,,,,,,,,,,,,,,,,h3:スワッガーキャリーオール 買取,,,,,
,,,,,,,,,,,,,,,,h3:ブリーカーレガシートート 買取,,,,,
,,,,,,,,,,,,,,,,h3:マーサーサッチェル 買取,,,,,
,,,,,,,,,,,,,,,,h3:セリーヌ 買取,,,,,
,,,,,,,,,,,,,,,,h3:セリーヌ 買取 TOP,,,,,
,,,,,,,,,,,,,,,,h3:ラゲージ買取,,,,,
,,,,,,,,,,,,,,,,h3:バーバリー 買取,,,,,
,,,,,,,,,,,,,,,,h3:バーバリー 買取 TOP,,,,,
,,,,,,,,,,,,,,,,h3:フェンディ 買取,,,,,
,,,,,,,,,,,,,,,,h3:フェンディ 買取 TOP,,,,,
,,,,,,,,,,,,,,,,h3:ボッテガ･ヴェネタ 買取,,,,,
,,,,,,,,,,,,,,,,h3:ボッテガ･ヴェネタ 買取 TOP,,,,,
,,,,,,,,,,,,,,,,h3:ミュウミュウ 買取,,,,,
,,,,,,,,,,,,,,,,h3:ミュウミュウ 買取 TOP,,,,,
,,,,,,,,,,,,,,,,h3:ロエベ 買取,,,,,
,,,,,,,,,,,,,,,,h3:ロエベ 買取 TOP,,,,,
,,,,,,,,,,,,,,,,h3:プラダ 買取,,,,,
,,,,,,,,,,,,,,,,h3:プラダ 買取 TOP,,,,,
,,,,,,,,,,,,,,,,h2:ブランドジュエリー,,,,,
,,,,,,,,,,,,,,,,h2:おたからや強化買取品目,,,,,
,,,,,,,,,,,,,,,,h2:おたからやについて,,,,,